Memory limit set to 49 GB (80% of 62 GB RAM)
Total 2618 file(s)
Input Filename : init/main.o
Input Filename : init/version.o
Input Filename : init/do_mounts.o
Input Filename : init/do_mounts_initrd.o
Input Filename : init/initramfs.o
Input Filename : init/calibrate.o
Input Filename : init/init_task.o
Input Filename : usr/initramfs_data.o
/home/csong/project/kanalyzer/release/lib/KAMain: error loading file 'usr/initramfs_data.o'
Input Filename : arch/x86/entry/entry.o
/home/csong/project/kanalyzer/release/lib/KAMain: error loading file 'arch/x86/entry/entry.o'
Input Filename : arch/x86/entry/entry_64.o
/home/csong/project/kanalyzer/release/lib/KAMain: error loading file 'arch/x86/entry/entry_64.o'
Input Filename : arch/x86/entry/syscall_64.o
Input Filename : arch/x86/entry/common.o
Input Filename : arch/x86/entry/vdso/vma.o
Input Filename : arch/x86/entry/vdso/extable.o
Input Filename : arch/x86/entry/vdso/vdso32-setup.o
Input Filename : arch/x86/entry/vdso/vdso-image-64.o
Input Filename : arch/x86/entry/vdso/vdso-image-32.o
Input Filename : arch/x86/entry/vsyscall/vsyscall_64.o
Input Filename : arch/x86/entry/vsyscall/vsyscall_emu_64.o
/home/csong/project/kanalyzer/release/lib/KAMain: error loading file 'arch/x86/entry/vsyscall/vsyscall_emu_64.o'
Input Filename : arch/x86/entry/thunk_64.o
/home/csong/project/kanalyzer/release/lib/KAMain: error loading file 'arch/x86/entry/thunk_64.o'
Input Filename : arch/x86/entry/entry_64_compat.o
/home/csong/project/kanalyzer/release/lib/KAMain: error loading file 'arch/x86/entry/entry_64_compat.o'
Input Filename : arch/x86/entry/syscall_32.o
Input Filename : arch/x86/events/core.o
Input Filename : arch/x86/events/probe.o
Input Filename : arch/x86/events/utils.o
Input Filename : arch/x86/events/rapl.o
Input Filename : arch/x86/events/amd/core.o
Input Filename : arch/x86/events/amd/lbr.o
Input Filename : arch/x86/events/amd/ibs.o
Input Filename : arch/x86/events/amd/uncore.o
Input Filename : arch/x86/events/amd/iommu.o
Input Filename : arch/x86/events/msr.o
Input Filename : arch/x86/events/intel/core.o
Input Filename : arch/x86/events/intel/bts.o
Input Filename : arch/x86/events/intel/ds.o
Input Filename : arch/x86/events/intel/knc.o
Input Filename : arch/x86/events/intel/lbr.o
Input Filename : arch/x86/events/intel/p4.o
Input Filename : arch/x86/events/intel/p6.o
Input Filename : arch/x86/events/intel/pt.o
Input Filename : arch/x86/events/intel/uncore.o
Input Filename : arch/x86/events/intel/uncore_nhmex.o
Input Filename : arch/x86/events/intel/uncore_snb.o
Input Filename : arch/x86/events/intel/uncore_snbep.o
Input Filename : arch/x86/events/intel/uncore_discovery.o
Input Filename : arch/x86/events/intel/cstate.o
Input Filename : arch/x86/events/zhaoxin/core.o
Input Filename : virt/kvm/kvm_main.o
Input Filename : virt/kvm/eventfd.o
Input Filename : virt/kvm/binary_stats.o
Input Filename : virt/kvm/vfio.o
Input Filename : virt/kvm/coalesced_mmio.o
Input Filename : virt/kvm/async_pf.o
Input Filename : virt/kvm/irqchip.o
Input Filename : virt/kvm/dirty_ring.o
Input Filename : virt/kvm/pfncache.o
Input Filename : arch/x86/kvm/x86.o
Input Filename : arch/x86/kvm/emulate.o
Input Filename : arch/x86/kvm/i8259.o
Input Filename : arch/x86/kvm/irq.o
Input Filename : arch/x86/kvm/lapic.o
Input Filename : arch/x86/kvm/i8254.o
Input Filename : arch/x86/kvm/ioapic.o
Input Filename : arch/x86/kvm/irq_comm.o
Input Filename : arch/x86/kvm/cpuid.o
Input Filename : arch/x86/kvm/pmu.o
Input Filename : arch/x86/kvm/mtrr.o
Input Filename : arch/x86/kvm/debugfs.o
Input Filename : arch/x86/kvm/mmu/mmu.o
Input Filename : arch/x86/kvm/mmu/page_track.o
Input Filename : arch/x86/kvm/mmu/spte.o
Input Filename : arch/x86/kvm/mmu/tdp_iter.o
Input Filename : arch/x86/kvm/mmu/tdp_mmu.o
Input Filename : arch/x86/kvm/hyperv.o
Input Filename : arch/x86/kvm/smm.o
Input Filename : arch/x86/kvm/vmx/vmx.o
Input Filename : arch/x86/kvm/vmx/vmenter.o
/home/csong/project/kanalyzer/release/lib/KAMain: error loading file 'arch/x86/kvm/vmx/vmenter.o'
Input Filename : arch/x86/kvm/vmx/pmu_intel.o
Input Filename : arch/x86/kvm/vmx/vmcs12.o
Input Filename : arch/x86/kvm/vmx/nested.o
Input Filename : arch/x86/kvm/vmx/posted_intr.o
Input Filename : arch/x86/kvm/vmx/hyperv.o
Input Filename : arch/x86/kvm/vmx/hyperv_evmcs.o
Input Filename : arch/x86/kvm/svm/svm.o
Input Filename : arch/x86/kvm/svm/vmenter.o
/home/csong/project/kanalyzer/release/lib/KAMain: error loading file 'arch/x86/kvm/svm/vmenter.o'
Input Filename : arch/x86/kvm/svm/pmu.o
Input Filename : arch/x86/kvm/svm/nested.o
Input Filename : arch/x86/kvm/svm/avic.o
Input Filename : arch/x86/kvm/svm/sev.o
Input Filename : arch/x86/kvm/svm/hyperv.o
Input Filename : arch/x86/realmode/init.o
Input Filename : arch/x86/realmode/rmpiggy.o
/home/csong/project/kanalyzer/release/lib/KAMain: error loading file 'arch/x86/realmode/rmpiggy.o'
Input Filename : arch/x86/kernel/head_64.o
/home/csong/project/kanalyzer/release/lib/KAMain: error loading file 'arch/x86/kernel/head_64.o'
Input Filename : arch/x86/kernel/head64.o
Input Filename : arch/x86/kernel/ebda.o
Input Filename : arch/x86/kernel/platform-quirks.o
Input Filename : arch/x86/kernel/process_64.o
Input Filename : arch/x86/kernel/signal.o
Input Filename : arch/x86/kernel/signal_64.o
Input Filename : arch/x86/kernel/traps.o
Input Filename : arch/x86/kernel/idt.o
Input Filename : arch/x86/kernel/irq.o
Input Filename : arch/x86/kernel/irq_64.o
Input Filename : arch/x86/kernel/dumpstack_64.o
Input Filename : arch/x86/kernel/time.o
Input Filename : arch/x86/kernel/ioport.o
Input Filename : arch/x86/kernel/dumpstack.o
Input Filename : arch/x86/kernel/nmi.o
Input Filename : arch/x86/kernel/ldt.o
Input Filename : arch/x86/kernel/ibt_selftest.o
/home/csong/project/kanalyzer/release/lib/KAMain: error loading file 'arch/x86/kernel/ibt_selftest.o'
Input Filename : arch/x86/kernel/setup.o
Input Filename : arch/x86/kernel/x86_init.o
Input Filename : arch/x86/kernel/i8259.o
Input Filename : arch/x86/kernel/irqinit.o
Input Filename : arch/x86/kernel/jump_label.o
Input Filename : arch/x86/kernel/irq_work.o
Input Filename : arch/x86/kernel/probe_roms.o
Input Filename : arch/x86/kernel/sys_ia32.o
Input Filename : arch/x86/kernel/signal_32.o
Input Filename : arch/x86/kernel/sys_x86_64.o
Input Filename : arch/x86/kernel/espfix_64.o
Input Filename : arch/x86/kernel/ksysfs.o
Input Filename : arch/x86/kernel/bootflag.o
Input Filename : arch/x86/kernel/e820.o
Input Filename : arch/x86/kernel/pci-dma.o
Input Filename : arch/x86/kernel/quirks.o
Input Filename : arch/x86/kernel/topology.o
Input Filename : arch/x86/kernel/kdebugfs.o
Input Filename : arch/x86/kernel/alternative.o
Input Filename : arch/x86/kernel/i8253.o
Input Filename : arch/x86/kernel/hw_breakpoint.o
Input Filename : arch/x86/kernel/tsc.o
Input Filename : arch/x86/kernel/tsc_msr.o
Input Filename : arch/x86/kernel/io_delay.o
Input Filename : arch/x86/kernel/rtc.o
Input Filename : arch/x86/kernel/resource.o
Input Filename : arch/x86/kernel/irqflags.o
/home/csong/project/kanalyzer/release/lib/KAMain: error loading file 'arch/x86/kernel/irqflags.o'
Input Filename : arch/x86/kernel/static_call.o
Input Filename : arch/x86/kernel/process.o
Input Filename : arch/x86/kernel/fpu/init.o
Input Filename : arch/x86/kernel/fpu/bugs.o
Input Filename : arch/x86/kernel/fpu/core.o
Input Filename : arch/x86/kernel/fpu/regset.o
Input Filename : arch/x86/kernel/fpu/signal.o
Input Filename : arch/x86/kernel/fpu/xstate.o
Input Filename : arch/x86/kernel/ptrace.o
Input Filename : arch/x86/kernel/tls.o
Input Filename : arch/x86/kernel/step.o
Input Filename : arch/x86/kernel/i8237.o
Input Filename : arch/x86/kernel/stacktrace.o
Input Filename : arch/x86/kernel/cpu/cacheinfo.o
Input Filename : arch/x86/kernel/cpu/scattered.o
Input Filename : arch/x86/kernel/cpu/topology.o
Input Filename : arch/x86/kernel/cpu/common.o
Input Filename : arch/x86/kernel/cpu/rdrand.o
Input Filename : arch/x86/kernel/cpu/match.o
Input Filename : arch/x86/kernel/cpu/bugs.o
Input Filename : arch/x86/kernel/cpu/aperfmperf.o
Input Filename : arch/x86/kernel/cpu/cpuid-deps.o
Input Filename : arch/x86/kernel/cpu/umwait.o
Input Filename : arch/x86/kernel/cpu/proc.o
Input Filename : arch/x86/kernel/cpu/capflags.o
Input Filename : arch/x86/kernel/cpu/powerflags.o
Input Filename : arch/x86/kernel/cpu/feat_ctl.o
Input Filename : arch/x86/kernel/cpu/intel.o
Input Filename : arch/x86/kernel/cpu/intel_pconfig.o
Input Filename : arch/x86/kernel/cpu/tsx.o
Input Filename : arch/x86/kernel/cpu/intel_epb.o
Input Filename : arch/x86/kernel/cpu/amd.o
Input Filename : arch/x86/kernel/cpu/hygon.o
Input Filename : arch/x86/kernel/cpu/centaur.o
Input Filename : arch/x86/kernel/cpu/zhaoxin.o
Input Filename : arch/x86/kernel/cpu/mce/core.o
Input Filename : arch/x86/kernel/cpu/mce/severity.o
Input Filename : arch/x86/kernel/cpu/mce/genpool.o
Input Filename : arch/x86/kernel/cpu/mce/intel.o
Input Filename : arch/x86/kernel/cpu/mce/amd.o
Input Filename : arch/x86/kernel/cpu/mce/threshold.o
Input Filename : arch/x86/kernel/cpu/mtrr/mtrr.o
Input Filename : arch/x86/kernel/cpu/mtrr/if.o
Input Filename : arch/x86/kernel/cpu/mtrr/generic.o
Input Filename : arch/x86/kernel/cpu/mtrr/cleanup.o
Input Filename : arch/x86/kernel/cpu/microcode/core.o
Input Filename : arch/x86/kernel/cpu/microcode/intel.o
Input Filename : arch/x86/kernel/cpu/microcode/amd.o
Input Filename : arch/x86/kernel/cpu/perfctr-watchdog.o
Input Filename : arch/x86/kernel/cpu/vmware.o
Input Filename : arch/x86/kernel/cpu/hypervisor.o
Input Filename : arch/x86/kernel/cpu/mshyperv.o
Input Filename : arch/x86/kernel/cpu/debugfs.o
Input Filename : arch/x86/kernel/acpi/boot.o
Input Filename : arch/x86/kernel/acpi/sleep.o
Input Filename : arch/x86/kernel/acpi/wakeup_64.o
/home/csong/project/kanalyzer/release/lib/KAMain: error loading file 'arch/x86/kernel/acpi/wakeup_64.o'
Input Filename : arch/x86/kernel/acpi/cstate.o
Input Filename : arch/x86/kernel/reboot.o
Input Filename : arch/x86/kernel/msr.o
Input Filename : arch/x86/kernel/cpuid.o
Input Filename : arch/x86/kernel/early-quirks.o
Input Filename : arch/x86/kernel/smp.o
Input Filename : arch/x86/kernel/smpboot.o
Input Filename : arch/x86/kernel/tsc_sync.o
Input Filename : arch/x86/kernel/setup_percpu.o
Input Filename : arch/x86/kernel/mpparse.o
Input Filename : arch/x86/kernel/apic/apic.o
Input Filename : arch/x86/kernel/apic/apic_common.o
Input Filename : arch/x86/kernel/apic/apic_noop.o
Input Filename : arch/x86/kernel/apic/ipi.o
Input Filename : arch/x86/kernel/apic/vector.o
Input Filename : arch/x86/kernel/apic/init.o
Input Filename : arch/x86/kernel/apic/hw_nmi.o
Input Filename : arch/x86/kernel/apic/io_apic.o
Input Filename : arch/x86/kernel/apic/msi.o
Input Filename : arch/x86/kernel/apic/apic_flat_64.o
Input Filename : arch/x86/kernel/apic/probe_64.o
Input Filename : arch/x86/kernel/ftrace.o
Input Filename : arch/x86/kernel/ftrace_64.o
/home/csong/project/kanalyzer/release/lib/KAMain: error loading file 'arch/x86/kernel/ftrace_64.o'
Input Filename : arch/x86/kernel/trace_clock.o
Input Filename : arch/x86/kernel/trace.o
Input Filename : arch/x86/kernel/rethook.o
Input Filename : arch/x86/kernel/crash_core_64.o
Input Filename : arch/x86/kernel/machine_kexec_64.o
Input Filename : arch/x86/kernel/relocate_kernel_64.o
/home/csong/project/kanalyzer/release/lib/KAMain: error loading file 'arch/x86/kernel/relocate_kernel_64.o'
Input Filename : arch/x86/kernel/crash.o
Input Filename : arch/x86/kernel/crash_dump_64.o
Input Filename : arch/x86/kernel/kprobes/core.o
Input Filename : arch/x86/kernel/kprobes/opt.o
Input Filename : arch/x86/kernel/kprobes/ftrace.o
Input Filename : arch/x86/kernel/module.o
Input Filename : arch/x86/kernel/early_printk.o
Input Filename : arch/x86/kernel/hpet.o
Input Filename : arch/x86/kernel/amd_nb.o
Input Filename : arch/x86/kernel/kvm.o
Input Filename : arch/x86/kernel/kvmclock.o
Input Filename : arch/x86/kernel/paravirt.o
Input Filename : arch/x86/kernel/pvclock.o
Input Filename : arch/x86/kernel/pcspeaker.o
Input Filename : arch/x86/kernel/check.o
Input Filename : arch/x86/kernel/uprobes.o
Input Filename : arch/x86/kernel/perf_regs.o
Input Filename : arch/x86/kernel/tracepoint.o
Input Filename : arch/x86/kernel/umip.o
Input Filename : arch/x86/kernel/unwind_orc.o
Input Filename : arch/x86/kernel/callthunks.o
Input Filename : arch/x86/kernel/cet.o
Input Filename : arch/x86/kernel/mmconf-fam10h_64.o
Input Filename : arch/x86/kernel/vsmp_64.o
Input Filename : arch/x86/mm/init.o
Input Filename : arch/x86/mm/init_64.o
Input Filename : arch/x86/mm/fault.o
Input Filename : arch/x86/mm/ioremap.o
Input Filename : arch/x86/mm/extable.o
Input Filename : arch/x86/mm/mmap.o
Input Filename : arch/x86/mm/pgtable.o
Input Filename : arch/x86/mm/physaddr.o
Input Filename : arch/x86/mm/tlb.o
Input Filename : arch/x86/mm/cpu_entry_area.o
Input Filename : arch/x86/mm/maccess.o
Input Filename : arch/x86/mm/pgprot.o
Input Filename : arch/x86/mm/pat/set_memory.o
Input Filename : arch/x86/mm/pat/memtype.o
Input Filename : arch/x86/mm/pat/memtype_interval.o
Input Filename : arch/x86/mm/hugetlbpage.o
Input Filename : arch/x86/mm/dump_pagetables.o
Input Filename : arch/x86/mm/numa.o
Input Filename : arch/x86/mm/numa_64.o
Input Filename : arch/x86/mm/amdtopology.o
Input Filename : arch/x86/mm/srat.o
Input Filename : arch/x86/mm/pkeys.o
Input Filename : arch/x86/mm/pti.o
Input Filename : arch/x86/crypto/blake2s-core.o
/home/csong/project/kanalyzer/release/lib/KAMain: error loading file 'arch/x86/crypto/blake2s-core.o'
Input Filename : arch/x86/crypto/blake2s-glue.o
Input Filename : arch/x86/platform/efi/memmap.o
Input Filename : arch/x86/platform/efi/quirks.o
Input Filename : arch/x86/platform/efi/efi.o
Input Filename : arch/x86/platform/efi/efi_64.o
Input Filename : arch/x86/platform/efi/efi_stub_64.o
/home/csong/project/kanalyzer/release/lib/KAMain: error loading file 'arch/x86/platform/efi/efi_stub_64.o'
Input Filename : arch/x86/platform/efi/efi_thunk_64.o
/home/csong/project/kanalyzer/release/lib/KAMain: error loading file 'arch/x86/platform/efi/efi_thunk_64.o'
Input Filename : arch/x86/platform/efi/runtime-map.o
Input Filename : arch/x86/platform/intel/iosf_mbi.o
Input Filename : arch/x86/net/bpf_jit_comp.o
Input Filename : kernel/fork.o
Input Filename : kernel/exec_domain.o
Input Filename : kernel/panic.o
Input Filename : kernel/cpu.o
Input Filename : kernel/exit.o
Input Filename : kernel/softirq.o
Input Filename : kernel/resource.o
Input Filename : kernel/sysctl.o
Input Filename : kernel/capability.o
Input Filename : kernel/ptrace.o
Input Filename : kernel/user.o
Input Filename : kernel/signal.o
Input Filename : kernel/sys.o
Input Filename : kernel/umh.o
Input Filename : kernel/workqueue.o
Input Filename : kernel/pid.o
Input Filename : kernel/task_work.o
Input Filename : kernel/extable.o
Input Filename : kernel/params.o
Input Filename : kernel/kthread.o
Input Filename : kernel/sys_ni.o
Input Filename : kernel/nsproxy.o
Input Filename : kernel/notifier.o
Input Filename : kernel/ksysfs.o
Input Filename : kernel/cred.o
Input Filename : kernel/reboot.o
Input Filename : kernel/async.o
Input Filename : kernel/range.o
Input Filename : kernel/smpboot.o
Input Filename : kernel/ucount.o
Input Filename : kernel/regset.o
Input Filename : kernel/ksyms_common.o
Input Filename : kernel/groups.o
Input Filename : kernel/sched/core.o
Input Filename : kernel/sched/fair.o
Input Filename : kernel/sched/build_policy.o
Input Filename : kernel/sched/build_utility.o
Input Filename : kernel/locking/mutex.o
Input Filename : kernel/locking/semaphore.o
Input Filename : kernel/locking/rwsem.o
Input Filename : kernel/locking/percpu-rwsem.o
Input Filename : kernel/locking/mutex-debug.o
Input Filename : kernel/locking/lockdep.o
Input Filename : kernel/locking/lockdep_proc.o
Input Filename : kernel/locking/spinlock.o
Input Filename : kernel/locking/osq_lock.o
Input Filename : kernel/locking/qspinlock.o
Input Filename : kernel/locking/rtmutex_api.o
Input Filename : kernel/locking/spinlock_debug.o
Input Filename : kernel/locking/qrwlock.o
Input Filename : kernel/power/qos.o
Input Filename : kernel/power/main.o
Input Filename : kernel/power/console.o
Input Filename : kernel/power/process.o
Input Filename : kernel/power/suspend.o
Input Filename : kernel/power/hibernate.o
Input Filename : kernel/power/snapshot.o
Input Filename : kernel/power/swap.o
Input Filename : kernel/power/user.o
Input Filename : kernel/power/poweroff.o
Input Filename : kernel/printk/printk.o
Input Filename : kernel/printk/printk_safe.o
Input Filename : kernel/printk/nbcon.o
Input Filename : kernel/printk/printk_ringbuffer.o
Input Filename : kernel/printk/sysctl.o
Input Filename : kernel/irq/irqdesc.o
Input Filename : kernel/irq/handle.o
Input Filename : kernel/irq/manage.o
Input Filename : kernel/irq/spurious.o
Input Filename : kernel/irq/resend.o
Input Filename : kernel/irq/chip.o
Input Filename : kernel/irq/dummychip.o
Input Filename : kernel/irq/devres.o
Input Filename : kernel/irq/autoprobe.o
Input Filename : kernel/irq/irqdomain.o
Input Filename : kernel/irq/proc.o
Input Filename : kernel/irq/migration.o
Input Filename : kernel/irq/cpuhotplug.o
Input Filename : kernel/irq/pm.o
Input Filename : kernel/irq/msi.o
Input Filename : kernel/irq/affinity.o
Input Filename : kernel/irq/matrix.o
Input Filename : kernel/rcu/update.o
Input Filename : kernel/rcu/sync.o
Input Filename : kernel/rcu/srcutree.o
Input Filename : kernel/rcu/tree.o
Input Filename : kernel/rcu/rcu_segcblist.o
Input Filename : kernel/dma/mapping.o
Input Filename : kernel/dma/direct.o
Input Filename : kernel/dma/ops_helpers.o
Input Filename : kernel/dma/dummy.o
Input Filename : kernel/dma/swiotlb.o
Input Filename : kernel/dma/remap.o
Input Filename : kernel/entry/common.o
Input Filename : kernel/entry/syscall_user_dispatch.o
Input Filename : kernel/entry/kvm.o
Input Filename : kernel/module/main.o
Input Filename : kernel/module/strict_rwx.o
Input Filename : kernel/module/kmod.o
Input Filename : kernel/module/tree_lookup.o
Input Filename : kernel/module/kallsyms.o
Input Filename : kernel/module/procfs.o
Input Filename : kernel/module/sysfs.o
Input Filename : kernel/kcmp.o
Input Filename : kernel/freezer.o
Input Filename : kernel/profile.o
Input Filename : kernel/stacktrace.o
Input Filename : kernel/time/time.o
Input Filename : kernel/time/timer.o
Input Filename : kernel/time/hrtimer.o
Input Filename : kernel/time/timekeeping.o
Input Filename : kernel/time/ntp.o
Input Filename : kernel/time/clocksource.o
Input Filename : kernel/time/jiffies.o
Input Filename : kernel/time/timer_list.o
Input Filename : kernel/time/timeconv.o
Input Filename : kernel/time/timecounter.o
Input Filename : kernel/time/alarmtimer.o
Input Filename : kernel/time/posix-timers.o
Input Filename : kernel/time/posix-cpu-timers.o
Input Filename : kernel/time/posix-clock.o
Input Filename : kernel/time/itimer.o
Input Filename : kernel/time/clockevents.o
Input Filename : kernel/time/tick-common.o
Input Filename : kernel/time/tick-broadcast.o
Input Filename : kernel/time/tick-broadcast-hrtimer.o
Input Filename : kernel/time/tick-oneshot.o
Input Filename : kernel/time/tick-sched.o
Input Filename : kernel/time/vsyscall.o
Input Filename : kernel/time/timekeeping_debug.o
Input Filename : kernel/time/namespace.o
Input Filename : kernel/futex/core.o
Input Filename : kernel/futex/syscalls.o
Input Filename : kernel/futex/pi.o
Input Filename : kernel/futex/requeue.o
Input Filename : kernel/futex/waitwake.o
Input Filename : kernel/dma.o
Input Filename : kernel/smp.o
Input Filename : kernel/uid16.o
Input Filename : kernel/kallsyms.o
Input Filename : kernel/acct.o
Input Filename : kernel/crash_core.o
Input Filename : kernel/kexec_core.o
Input Filename : kernel/kexec.o
Input Filename : kernel/compat.o
Input Filename : kernel/cgroup/cgroup.o
Input Filename : kernel/cgroup/rstat.o
Input Filename : kernel/cgroup/namespace.o
Input Filename : kernel/cgroup/cgroup-v1.o
Input Filename : kernel/cgroup/freezer.o
Input Filename : kernel/cgroup/legacy_freezer.o
Input Filename : kernel/cgroup/pids.o
Input Filename : kernel/cgroup/rdma.o
Input Filename : kernel/cgroup/cpuset.o
Input Filename : kernel/cgroup/misc.o
Input Filename : kernel/cgroup/debug.o
Input Filename : kernel/utsname.o
Input Filename : kernel/user_namespace.o
Input Filename : kernel/pid_namespace.o
Input Filename : kernel/stop_machine.o
Input Filename : kernel/kcov.o
Input Filename : kernel/kprobes.o
Input Filename : kernel/hung_task.o
Input Filename : kernel/watchdog.o
Input Filename : kernel/watchdog_perf.o
Input Filename : kernel/seccomp.o
Input Filename : kernel/relay.o
Input Filename : kernel/utsname_sysctl.o
Input Filename : kernel/delayacct.o
Input Filename : kernel/taskstats.o
Input Filename : kernel/tsacct.o
Input Filename : kernel/tracepoint.o
Input Filename : kernel/trace/trace_clock.o
Input Filename : kernel/trace/ftrace.o
Input Filename : kernel/trace/ring_buffer.o
Input Filename : kernel/trace/trace.o
Input Filename : kernel/trace/trace_output.o
Input Filename : kernel/trace/trace_seq.o
Input Filename : kernel/trace/trace_stat.o
Input Filename : kernel/trace/trace_printk.o
Input Filename : kernel/trace/pid_list.o
Input Filename : kernel/trace/trace_sched_switch.o
Input Filename : kernel/trace/trace_functions.o
Input Filename : kernel/trace/trace_preemptirq.o
Input Filename : kernel/trace/trace_nop.o
Input Filename : kernel/trace/trace_functions_graph.o
Input Filename : kernel/trace/blktrace.o
Input Filename : kernel/trace/fgraph.o
Input Filename : kernel/trace/trace_events.o
Input Filename : kernel/trace/trace_export.o
Input Filename : kernel/trace/trace_syscalls.o
Input Filename : kernel/trace/trace_event_perf.o
Input Filename : kernel/trace/trace_events_filter.o
Input Filename : kernel/trace/trace_events_trigger.o
Input Filename : kernel/trace/trace_eprobe.o
Input Filename : kernel/trace/bpf_trace.o
Input Filename : kernel/trace/trace_kprobe.o
Input Filename : kernel/trace/error_report-traces.o
Input Filename : kernel/trace/power-traces.o
Input Filename : kernel/trace/rpm-traces.o
Input Filename : kernel/trace/trace_dynevent.o
Input Filename : kernel/trace/trace_probe.o
Input Filename : kernel/trace/trace_uprobe.o
Input Filename : kernel/trace/rethook.o
Input Filename : kernel/irq_work.o
Input Filename : kernel/bpf/core.o
Input Filename : kernel/bpf/syscall.o
Input Filename : kernel/bpf/inode.o
Input Filename : kernel/bpf/helpers.o
Input Filename : kernel/bpf/tnum.o
Input Filename : kernel/bpf/log.o
Input Filename : kernel/bpf/bpf_iter.o
Input Filename : kernel/bpf/map_iter.o
Input Filename : kernel/bpf/task_iter.o
Input Filename : kernel/bpf/prog_iter.o
Input Filename : kernel/bpf/link_iter.o
Input Filename : kernel/bpf/hashtab.o
Input Filename : kernel/bpf/arraymap.o
Input Filename : kernel/bpf/percpu_freelist.o
Input Filename : kernel/bpf/bpf_lru_list.o
Input Filename : kernel/bpf/lpm_trie.o
Input Filename : kernel/bpf/map_in_map.o
Input Filename : kernel/bpf/bloom_filter.o
Input Filename : kernel/bpf/local_storage.o
Input Filename : kernel/bpf/queue_stack_maps.o
Input Filename : kernel/bpf/ringbuf.o
Input Filename : kernel/bpf/bpf_local_storage.o
Input Filename : kernel/bpf/bpf_task_storage.o
Input Filename : kernel/bpf/disasm.o
Input Filename : kernel/bpf/mprog.o
Input Filename : kernel/bpf/trampoline.o
Input Filename : kernel/bpf/btf.o
Input Filename : kernel/bpf/memalloc.o
Input Filename : kernel/bpf/dispatcher.o
Input Filename : kernel/bpf/devmap.o
Input Filename : kernel/bpf/cpumap.o
Input Filename : kernel/bpf/offload.o
Input Filename : kernel/bpf/net_namespace.o
Input Filename : kernel/bpf/tcx.o
Input Filename : kernel/bpf/stackmap.o
Input Filename : kernel/bpf/cgroup_iter.o
Input Filename : kernel/bpf/bpf_cgrp_storage.o
Input Filename : kernel/bpf/cgroup.o
Input Filename : kernel/bpf/reuseport_array.o
Input Filename : kernel/bpf/bpf_struct_ops.o
Input Filename : kernel/bpf/cpumask.o
Input Filename : kernel/bpf/relo_core.o
Input Filename : kernel/static_call.o
Input Filename : kernel/static_call_inline.o
Input Filename : kernel/numa.o
Input Filename : kernel/events/core.o
Input Filename : kernel/events/ring_buffer.o
Input Filename : kernel/events/callchain.o
Input Filename : kernel/events/hw_breakpoint.o
Input Filename : kernel/events/uprobes.o
Input Filename : kernel/user-return-notifier.o
Input Filename : kernel/crash_dump.o
Input Filename : kernel/jump_label.o
Input Filename : kernel/context_tracking.o
Input Filename : kernel/iomem.o
Input Filename : kernel/rseq.o
Input Filename : mm/filemap.o
Input Filename : mm/mempool.o
Input Filename : mm/oom_kill.o
Input Filename : mm/fadvise.o
Input Filename : mm/maccess.o
Input Filename : mm/page-writeback.o
Input Filename : mm/folio-compat.o
Input Filename : mm/readahead.o
Input Filename : mm/swap.o
Input Filename : mm/truncate.o
Input Filename : mm/vmscan.o
Input Filename : mm/shrinker.o
Input Filename : mm/shmem.o
Input Filename : mm/util.o
Input Filename : mm/mmzone.o
Input Filename : mm/vmstat.o
Input Filename : mm/backing-dev.o
Input Filename : mm/mm_init.o
Input Filename : mm/percpu.o
Input Filename : mm/slab_common.o
Input Filename : mm/compaction.o
Input Filename : mm/show_mem.o
Input Filename : mm/shmem_quota.o
Input Filename : mm/interval_tree.o
Input Filename : mm/list_lru.o
Input Filename : mm/workingset.o
Input Filename : mm/debug.o
Input Filename : mm/gup.o
Input Filename : mm/mmap_lock.o
Input Filename : mm/highmem.o
Input Filename : mm/memory.o
Input Filename : mm/mincore.o
Input Filename : mm/mlock.o
Input Filename : mm/mmap.o
Input Filename : mm/mmu_gather.o
Input Filename : mm/mprotect.o
Input Filename : mm/mremap.o
Input Filename : mm/msync.o
Input Filename : mm/page_vma_mapped.o
Input Filename : mm/pagewalk.o
Input Filename : mm/pgtable-generic.o
Input Filename : mm/rmap.o
Input Filename : mm/vmalloc.o
Input Filename : mm/process_vm_access.o
Input Filename : mm/page_alloc.o
Input Filename : mm/init-mm.o
Input Filename : mm/memblock.o
Input Filename : mm/memory_hotplug.o
Input Filename : mm/slub.o
Input Filename : mm/madvise.o
Input Filename : mm/page_io.o
Input Filename : mm/swap_state.o
Input Filename : mm/swapfile.o
Input Filename : mm/swap_slots.o
Input Filename : mm/dmapool.o
Input Filename : mm/hugetlb.o
Input Filename : mm/hugetlb_vmemmap.o
Input Filename : mm/mempolicy.o
Input Filename : mm/sparse.o
Input Filename : mm/sparse-vmemmap.o
Input Filename : mm/mmu_notifier.o
Input Filename : mm/migrate.o
Input Filename : mm/memory-tiers.o
Input Filename : mm/migrate_device.o
Input Filename : mm/page_counter.o
Input Filename : mm/hugetlb_cgroup.o
Input Filename : mm/page_isolation.o
Input Filename : mm/early_ioremap.o
Input Filename : mm/balloon_compaction.o
Input Filename : mm/secretmem.o
Input Filename : mm/usercopy.o
Input Filename : mm/memremap.o
Input Filename : mm/hmm.o
Input Filename : mm/memfd.o
Input Filename : mm/ptdump.o
Input Filename : mm/page_reporting.o
Input Filename : mm/bootmem_info.o
Input Filename : fs/open.o
Input Filename : fs/read_write.o
Input Filename : fs/file_table.o
Input Filename : fs/super.o
Input Filename : fs/char_dev.o
Input Filename : fs/stat.o
Input Filename : fs/exec.o
Input Filename : fs/pipe.o
Input Filename : fs/namei.o
Input Filename : fs/fcntl.o
Input Filename : fs/ioctl.o
Input Filename : fs/readdir.o
Input Filename : fs/select.o
Input Filename : fs/dcache.o
Input Filename : fs/inode.o
Input Filename : fs/attr.o
Input Filename : fs/bad_inode.o
Input Filename : fs/file.o
Input Filename : fs/filesystems.o
Input Filename : fs/namespace.o
Input Filename : fs/seq_file.o
Input Filename : fs/xattr.o
Input Filename : fs/libfs.o
Input Filename : fs/fs-writeback.o
Input Filename : fs/pnode.o
Input Filename : fs/splice.o
Input Filename : fs/sync.o
Input Filename : fs/utimes.o
Input Filename : fs/d_path.o
Input Filename : fs/stack.o
Input Filename : fs/fs_struct.o
Input Filename : fs/statfs.o
Input Filename : fs/fs_pin.o
Input Filename : fs/nsfs.o
Input Filename : fs/fs_types.o
Input Filename : fs/fs_context.o
Input Filename : fs/fs_parser.o
Input Filename : fs/fsopen.o
Input Filename : fs/init.o
Input Filename : fs/kernel_read_file.o
Input Filename : fs/mnt_idmapping.o
Input Filename : fs/remap_range.o
Input Filename : fs/buffer.o
Input Filename : fs/mpage.o
Input Filename : fs/proc_namespace.o
Input Filename : fs/notify/fsnotify.o
Input Filename : fs/notify/notification.o
Input Filename : fs/notify/group.o
Input Filename : fs/notify/mark.o
Input Filename : fs/notify/fdinfo.o
Input Filename : fs/notify/dnotify/dnotify.o
Input Filename : fs/notify/inotify/inotify_fsnotify.o
Input Filename : fs/notify/inotify/inotify_user.o
Input Filename : fs/eventpoll.o
Input Filename : fs/anon_inodes.o
Input Filename : fs/signalfd.o
Input Filename : fs/timerfd.o
Input Filename : fs/eventfd.o
Input Filename : fs/aio.o
Input Filename : fs/dax.o
Input Filename : fs/locks.o
Input Filename : fs/binfmt_misc.o
Input Filename : fs/binfmt_script.o
Input Filename : fs/binfmt_elf.o
Input Filename : fs/compat_binfmt_elf.o
Input Filename : fs/backing-file.o
Input Filename : fs/mbcache.o
Input Filename : fs/posix_acl.o
Input Filename : fs/coredump.o
Input Filename : fs/drop_caches.o
Input Filename : fs/sysctls.o
Input Filename : fs/fhandle.o
Input Filename : fs/iomap/trace.o
Input Filename : fs/iomap/iter.o
Input Filename : fs/iomap/buffered-io.o
Input Filename : fs/iomap/direct-io.o
Input Filename : fs/iomap/fiemap.o
Input Filename : fs/iomap/seek.o
Input Filename : fs/iomap/swapfile.o
Input Filename : fs/quota/dquot.o
Input Filename : fs/quota/quota_v2.o
Input Filename : fs/quota/quota_tree.o
Input Filename : fs/quota/quota.o
Input Filename : fs/quota/kqid.o
Input Filename : fs/quota/netlink.o
Input Filename : fs/proc/task_mmu.o
Input Filename : fs/proc/inode.o
Input Filename : fs/proc/root.o
Input Filename : fs/proc/base.o
Input Filename : fs/proc/generic.o
Input Filename : fs/proc/array.o
Input Filename : fs/proc/fd.o
Input Filename : fs/proc/proc_tty.o
Input Filename : fs/proc/cmdline.o
Input Filename : fs/proc/consoles.o
Input Filename : fs/proc/cpuinfo.o
Input Filename : fs/proc/devices.o
Input Filename : fs/proc/interrupts.o
Input Filename : fs/proc/loadavg.o
Input Filename : fs/proc/meminfo.o
Input Filename : fs/proc/stat.o
Input Filename : fs/proc/uptime.o
Input Filename : fs/proc/util.o
Input Filename : fs/proc/version.o
Input Filename : fs/proc/softirqs.o
Input Filename : fs/proc/namespaces.o
Input Filename : fs/proc/self.o
Input Filename : fs/proc/thread_self.o
Input Filename : fs/proc/proc_sysctl.o
Input Filename : fs/proc/proc_net.o
Input Filename : fs/proc/kcore.o
Input Filename : fs/proc/vmcore.o
Input Filename : fs/proc/kmsg.o
Input Filename : fs/proc/page.o
Input Filename : fs/kernfs/mount.o
Input Filename : fs/kernfs/inode.o
Input Filename : fs/kernfs/dir.o
Input Filename : fs/kernfs/file.o
Input Filename : fs/kernfs/symlink.o
Input Filename : fs/sysfs/file.o
Input Filename : fs/sysfs/dir.o
Input Filename : fs/sysfs/symlink.o
Input Filename : fs/sysfs/mount.o
Input Filename : fs/sysfs/group.o
Input Filename : fs/configfs/inode.o
Input Filename : fs/configfs/file.o
Input Filename : fs/configfs/dir.o
Input Filename : fs/configfs/symlink.o
Input Filename : fs/configfs/mount.o
Input Filename : fs/configfs/item.o
Input Filename : fs/devpts/inode.o
Input Filename : fs/netfs/buffered_read.o
Input Filename : fs/netfs/buffered_write.o
Input Filename : fs/netfs/direct_read.o
Input Filename : fs/netfs/direct_write.o
Input Filename : fs/netfs/io.o
Input Filename : fs/netfs/iterator.o
Input Filename : fs/netfs/locking.o
Input Filename : fs/netfs/main.o
Input Filename : fs/netfs/misc.o
Input Filename : fs/netfs/objects.o
Input Filename : fs/netfs/output.o
Input Filename : fs/ext4/balloc.o
Input Filename : fs/ext4/bitmap.o
Input Filename : fs/ext4/block_validity.o
Input Filename : fs/ext4/dir.o
Input Filename : fs/ext4/ext4_jbd2.o
Input Filename : fs/ext4/extents.o
Input Filename : fs/ext4/extents_status.o
Input Filename : fs/ext4/file.o
Input Filename : fs/ext4/fsmap.o
Input Filename : fs/ext4/fsync.o
Input Filename : fs/ext4/hash.o
Input Filename : fs/ext4/ialloc.o
Input Filename : fs/ext4/indirect.o
Input Filename : fs/ext4/inline.o
Input Filename : fs/ext4/inode.o
Input Filename : fs/ext4/ioctl.o
Input Filename : fs/ext4/mballoc.o
Input Filename : fs/ext4/migrate.o
Input Filename : fs/ext4/mmp.o
Input Filename : fs/ext4/move_extent.o
Input Filename : fs/ext4/namei.o
Input Filename : fs/ext4/page-io.o
Input Filename : fs/ext4/readpage.o
Input Filename : fs/ext4/resize.o
Input Filename : fs/ext4/super.o
Input Filename : fs/ext4/symlink.o
Input Filename : fs/ext4/sysfs.o
Input Filename : fs/ext4/xattr.o
Input Filename : fs/ext4/xattr_hurd.o
Input Filename : fs/ext4/xattr_trusted.o
Input Filename : fs/ext4/xattr_user.o
Input Filename : fs/ext4/fast_commit.o
Input Filename : fs/ext4/orphan.o
Input Filename : fs/ext4/acl.o
Input Filename : fs/ext4/xattr_security.o
Input Filename : fs/jbd2/transaction.o
Input Filename : fs/jbd2/commit.o
Input Filename : fs/jbd2/recovery.o
Input Filename : fs/jbd2/checkpoint.o
Input Filename : fs/jbd2/revoke.o
Input Filename : fs/jbd2/journal.o
Input Filename : fs/squashfs/block.o
Input Filename : fs/squashfs/cache.o
Input Filename : fs/squashfs/dir.o
Input Filename : fs/squashfs/export.o
Input Filename : fs/squashfs/file.o
Input Filename : fs/squashfs/fragment.o
Input Filename : fs/squashfs/id.o
Input Filename : fs/squashfs/inode.o
Input Filename : fs/squashfs/namei.o
Input Filename : fs/squashfs/super.o
Input Filename : fs/squashfs/symlink.o
Input Filename : fs/squashfs/decompressor.o
Input Filename : fs/squashfs/page_actor.o
Input Filename : fs/squashfs/file_cache.o
Input Filename : fs/squashfs/decompressor_single.o
Input Filename : fs/squashfs/xz_wrapper.o
Input Filename : fs/squashfs/zlib_wrapper.o
Input Filename : fs/squashfs/zstd_wrapper.o
Input Filename : fs/ramfs/inode.o
Input Filename : fs/ramfs/file-mmu.o
Input Filename : fs/hugetlbfs/inode.o
Input Filename : fs/isofs/namei.o
Input Filename : fs/isofs/inode.o
Input Filename : fs/isofs/dir.o
Input Filename : fs/isofs/util.o
Input Filename : fs/isofs/rock.o
Input Filename : fs/isofs/export.o
Input Filename : fs/isofs/joliet.o
Input Filename : fs/isofs/compress.o
Input Filename : fs/exportfs/expfs.o
Input Filename : fs/nls/nls_base.o
Input Filename : fs/nls/nls_cp437.o
Input Filename : fs/nls/nls_ascii.o
Input Filename : fs/nls/nls_iso8859-1.o
Input Filename : fs/nls/nls_utf8.o
Input Filename : fs/fuse/dev.o
Input Filename : fs/fuse/dir.o
Input Filename : fs/fuse/file.o
Input Filename : fs/fuse/inode.o
Input Filename : fs/fuse/control.o
Input Filename : fs/fuse/xattr.o
Input Filename : fs/fuse/acl.o
Input Filename : fs/fuse/readdir.o
Input Filename : fs/fuse/ioctl.o
Input Filename : fs/fuse/dax.o
Input Filename : fs/fuse/virtio_fs.o
Input Filename : fs/overlayfs/super.o
Input Filename : fs/overlayfs/namei.o
Input Filename : fs/overlayfs/util.o
Input Filename : fs/overlayfs/inode.o
Input Filename : fs/overlayfs/file.o
Input Filename : fs/overlayfs/dir.o
Input Filename : fs/overlayfs/readdir.o
Input Filename : fs/overlayfs/copy_up.o
Input Filename : fs/overlayfs/export.o
Input Filename : fs/overlayfs/params.o
Input Filename : fs/overlayfs/xattrs.o
Input Filename : fs/9p/vfs_super.o
Input Filename : fs/9p/vfs_inode.o
Input Filename : fs/9p/vfs_inode_dotl.o
Input Filename : fs/9p/vfs_addr.o
Input Filename : fs/9p/vfs_file.o
Input Filename : fs/9p/vfs_dir.o
Input Filename : fs/9p/vfs_dentry.o
Input Filename : fs/9p/v9fs.o
Input Filename : fs/9p/fid.o
Input Filename : fs/9p/xattr.o
Input Filename : fs/debugfs/inode.o
Input Filename : fs/debugfs/file.o
Input Filename : fs/tracefs/inode.o
Input Filename : fs/tracefs/event_inode.o
Input Filename : ipc/compat.o
Input Filename : ipc/util.o
Input Filename : ipc/msgutil.o
Input Filename : ipc/msg.o
Input Filename : ipc/sem.o
Input Filename : ipc/shm.o
Input Filename : ipc/syscall.o
Input Filename : ipc/ipc_sysctl.o
Input Filename : ipc/mqueue.o
Input Filename : ipc/namespace.o
Input Filename : ipc/mq_sysctl.o
Input Filename : security/keys/gc.o
Input Filename : security/keys/key.o
Input Filename : security/keys/keyring.o
Input Filename : security/keys/keyctl.o
Input Filename : security/keys/permission.o
Input Filename : security/keys/process_keys.o
Input Filename : security/keys/request_key.o
Input Filename : security/keys/request_key_auth.o
Input Filename : security/keys/user_defined.o
Input Filename : security/keys/compat.o
Input Filename : security/keys/proc.o
Input Filename : security/keys/sysctl.o
Input Filename : security/commoncap.o
Input Filename : security/min_addr.o
Input Filename : security/inode.o
Input Filename : security/device_cgroup.o
Input Filename : crypto/api.o
Input Filename : crypto/cipher.o
Input Filename : crypto/compress.o
Input Filename : crypto/algapi.o
Input Filename : crypto/scatterwalk.o
Input Filename : crypto/proc.o
Input Filename : crypto/aead.o
Input Filename : crypto/geniv.o
Input Filename : crypto/lskcipher.o
Input Filename : crypto/skcipher.o
Input Filename : crypto/seqiv.o
Input Filename : crypto/echainiv.o
Input Filename : crypto/ahash.o
Input Filename : crypto/shash.o
Input Filename : crypto/akcipher.o
Input Filename : crypto/sig.o
Input Filename : crypto/kpp.o
Input Filename : crypto/acompress.o
Input Filename : crypto/scompress.o
Input Filename : crypto/algboss.o
Input Filename : crypto/testmgr.o
Input Filename : crypto/hmac.o
Input Filename : crypto/crypto_null.o
Input Filename : crypto/md5.o
Input Filename : crypto/sha1_generic.o
Input Filename : crypto/sha256_generic.o
Input Filename : crypto/sha512_generic.o
Input Filename : crypto/sha3_generic.o
Input Filename : crypto/ecb.o
Input Filename : crypto/cbc.o
Input Filename : crypto/ctr.o
Input Filename : crypto/gcm.o
Input Filename : crypto/aes_generic.o
Input Filename : crypto/deflate.o
Input Filename : crypto/crc32c_generic.o
Input Filename : crypto/authenc.o
Input Filename : crypto/authencesn.o
Input Filename : crypto/rng.o
Input Filename : crypto/drbg.o
Input Filename : crypto/jitterentropy.o
Input Filename : crypto/jitterentropy-kcapi.o
Input Filename : crypto/ghash-generic.o
Input Filename : block/bdev.o
Input Filename : block/fops.o
Input Filename : block/bio.o
Input Filename : block/elevator.o
Input Filename : block/blk-core.o
Input Filename : block/blk-sysfs.o
Input Filename : block/blk-flush.o
Input Filename : block/blk-settings.o
Input Filename : block/blk-ioc.o
Input Filename : block/blk-map.o
Input Filename : block/blk-merge.o
Input Filename : block/blk-timeout.o
Input Filename : block/blk-lib.o
Input Filename : block/blk-mq.o
Input Filename : block/blk-mq-tag.o
Input Filename : block/blk-stat.o
Input Filename : block/blk-mq-sysfs.o
Input Filename : block/blk-mq-cpumap.o
Input Filename : block/blk-mq-sched.o
Input Filename : block/ioctl.o
Input Filename : block/genhd.o
Input Filename : block/ioprio.o
Input Filename : block/badblocks.o
Input Filename : block/partitions/core.o
Input Filename : block/partitions/msdos.o
Input Filename : block/partitions/efi.o
Input Filename : block/blk-rq-qos.o
Input Filename : block/disk-events.o
Input Filename : block/blk-ia-ranges.o
Input Filename : block/early-lookup.o
Input Filename : block/bsg.o
Input Filename : block/bsg-lib.o
Input Filename : block/blk-cgroup.o
Input Filename : block/blk-ioprio.o
Input Filename : block/blk-iolatency.o
Input Filename : block/blk-iocost.o
Input Filename : block/mq-deadline.o
Input Filename : block/kyber-iosched.o
Input Filename : block/blk-mq-pci.o
Input Filename : block/blk-mq-virtio.o
Input Filename : block/blk-mq-debugfs.o
Input Filename : block/blk-pm.o
Input Filename : block/holder.o
Input Filename : io_uring/io_uring.o
Input Filename : io_uring/xattr.o
Input Filename : io_uring/nop.o
Input Filename : io_uring/fs.o
Input Filename : io_uring/splice.o
Input Filename : io_uring/sync.o
Input Filename : io_uring/advise.o
Input Filename : io_uring/filetable.o
Input Filename : io_uring/openclose.o
Input Filename : io_uring/uring_cmd.o
Input Filename : io_uring/epoll.o
Input Filename : io_uring/statx.o
Input Filename : io_uring/net.o
Input Filename : io_uring/msg_ring.o
Input Filename : io_uring/timeout.o
Input Filename : io_uring/sqpoll.o
Input Filename : io_uring/fdinfo.o
Input Filename : io_uring/tctx.o
Input Filename : io_uring/poll.o
Input Filename : io_uring/cancel.o
Input Filename : io_uring/kbuf.o
Input Filename : io_uring/rsrc.o
Input Filename : io_uring/rw.o
Input Filename : io_uring/opdef.o
Input Filename : io_uring/notif.o
Input Filename : io_uring/waitid.o
Input Filename : io_uring/register.o
Input Filename : io_uring/io-wq.o
Input Filename : io_uring/futex.o
Input Filename : lib/lockref.o
Input Filename : lib/bcd.o
Input Filename : lib/sort.o
Input Filename : lib/parser.o
Input Filename : lib/debug_locks.o
Input Filename : lib/random32.o
Input Filename : lib/bust_spinlocks.o
Input Filename : lib/kasprintf.o
Input Filename : lib/bitmap.o
Input Filename : lib/scatterlist.o
Input Filename : lib/list_sort.o
Input Filename : lib/uuid.o
Input Filename : lib/iov_iter.o
Input Filename : lib/clz_ctz.o
Input Filename : lib/bsearch.o
Input Filename : lib/find_bit.o
Input Filename : lib/llist.o
Input Filename : lib/lwq.o
Input Filename : lib/memweight.o
Input Filename : lib/kfifo.o
Input Filename : lib/percpu-refcount.o
Input Filename : lib/rhashtable.o
Input Filename : lib/base64.o
Input Filename : lib/once.o
Input Filename : lib/refcount.o
Input Filename : lib/rcuref.o
Input Filename : lib/usercopy.o
Input Filename : lib/errseq.o
Input Filename : lib/bucket_locks.o
Input Filename : lib/generic-radix-tree.o
Input Filename : lib/bitmap-str.o
Input Filename : lib/string_helpers.o
Input Filename : lib/hexdump.o
Input Filename : lib/kstrtox.o
Input Filename : lib/math/div64.o
Input Filename : lib/math/gcd.o
Input Filename : lib/math/lcm.o
Input Filename : lib/math/int_log.o
Input Filename : lib/math/int_pow.o
Input Filename : lib/math/int_sqrt.o
Input Filename : lib/math/reciprocal_div.o
Input Filename : lib/math/rational.o
Input Filename : lib/crypto/memneq.o
Input Filename : lib/crypto/utils.o
Input Filename : lib/crypto/chacha.o
Input Filename : lib/crypto/aes.o
Input Filename : lib/crypto/gf128mul.o
Input Filename : lib/crypto/blake2s.o
Input Filename : lib/crypto/blake2s-generic.o
Input Filename : lib/crypto/sha1.o
Input Filename : lib/crypto/sha256.o
Input Filename : lib/iomap.o
Input Filename : lib/pci_iomap.o
Input Filename : lib/iomap_copy.o
Input Filename : lib/devres.o
Input Filename : lib/check_signature.o
Input Filename : lib/interval_tree.o
Input Filename : lib/assoc_array.o
Input Filename : lib/bitrev.o
Input Filename : lib/crc-ccitt.o
Input Filename : lib/crc16.o
Input Filename : lib/crc32.o
Input Filename : lib/xxhash.o
Input Filename : lib/genalloc.o
Input Filename : lib/zlib_inflate/inffast.o
Input Filename : lib/zlib_inflate/inflate.o
Input Filename : lib/zlib_inflate/infutil.o
Input Filename : lib/zlib_inflate/inftrees.o
Input Filename : lib/zlib_inflate/inflate_syms.o
Input Filename : lib/zlib_deflate/deflate.o
Input Filename : lib/zlib_deflate/deftree.o
Input Filename : lib/zlib_deflate/deflate_syms.o
Input Filename : lib/lzo/lzo1x_compress.o
Input Filename : lib/lzo/lzo1x_decompress_safe.o
Input Filename : lib/lz4/lz4_decompress.o
Input Filename : lib/zstd/zstd_decompress_module.o
Input Filename : lib/zstd/decompress/huf_decompress.o
Input Filename : lib/zstd/decompress/zstd_ddict.o
Input Filename : lib/zstd/decompress/zstd_decompress.o
Input Filename : lib/zstd/decompress/zstd_decompress_block.o
Input Filename : lib/zstd/zstd_common_module.o
Input Filename : lib/zstd/common/debug.o
Input Filename : lib/zstd/common/entropy_common.o
Input Filename : lib/zstd/common/error_private.o
Input Filename : lib/zstd/common/fse_decompress.o
Input Filename : lib/zstd/common/zstd_common.o
Input Filename : lib/xz/xz_dec_syms.o
Input Filename : lib/xz/xz_dec_stream.o
Input Filename : lib/xz/xz_dec_lzma2.o
Input Filename : lib/xz/xz_dec_bcj.o
Input Filename : lib/percpu_counter.o
Input Filename : lib/syscall.o
Input Filename : lib/errname.o
Input Filename : lib/nlattr.o
Input Filename : lib/cpu_rmap.o
Input Filename : lib/dynamic_queue_limits.o
Input Filename : lib/glob.o
Input Filename : lib/dim/dim.o
Input Filename : lib/dim/net_dim.o
Input Filename : lib/dim/rdma_dim.o
Input Filename : lib/strncpy_from_user.o
Input Filename : lib/strnlen_user.o
Input Filename : lib/net_utils.o
Input Filename : lib/sg_pool.o
Input Filename : lib/irq_poll.o
Input Filename : lib/stackdepot.o
Input Filename : lib/fonts/fonts.o
Input Filename : lib/fonts/font_8x8.o
Input Filename : lib/fonts/font_8x16.o
Input Filename : lib/ucs2_string.o
Input Filename : lib/sbitmap.o
Input Filename : lib/group_cpus.o
Input Filename : lib/fw_table.o
Input Filename : arch/x86/lib/msr-smp.o
Input Filename : arch/x86/lib/cache-smp.o
Input Filename : arch/x86/lib/msr.o
Input Filename : arch/x86/lib/msr-reg.o
/home/csong/project/kanalyzer/release/lib/KAMain: error loading file 'arch/x86/lib/msr-reg.o'
Input Filename : arch/x86/lib/msr-reg-export.o
Input Filename : arch/x86/lib/hweight.o
/home/csong/project/kanalyzer/release/lib/KAMain: error loading file 'arch/x86/lib/hweight.o'
Input Filename : arch/x86/lib/iomem.o
Input Filename : arch/x86/lib/iomap_copy_64.o
/home/csong/project/kanalyzer/release/lib/KAMain: error loading file 'arch/x86/lib/iomap_copy_64.o'
Input Filename : drivers/pci/access.o
Input Filename : drivers/pci/bus.o
Input Filename : drivers/pci/probe.o
Input Filename : drivers/pci/host-bridge.o
Input Filename : drivers/pci/remove.o
Input Filename : drivers/pci/pci.o
Input Filename : drivers/pci/pci-driver.o
Input Filename : drivers/pci/search.o
Input Filename : drivers/pci/pci-sysfs.o
Input Filename : drivers/pci/rom.o
Input Filename : drivers/pci/setup-res.o
Input Filename : drivers/pci/irq.o
Input Filename : drivers/pci/vpd.o
Input Filename : drivers/pci/setup-bus.o
Input Filename : drivers/pci/vc.o
Input Filename : drivers/pci/mmap.o
Input Filename : drivers/pci/setup-irq.o
Input Filename : drivers/pci/msi/pcidev_msi.o
Input Filename : drivers/pci/msi/api.o
Input Filename : drivers/pci/msi/msi.o
Input Filename : drivers/pci/msi/irqdomain.o
Input Filename : drivers/pci/pcie/portdrv.o
Input Filename : drivers/pci/pcie/rcec.o
Input Filename : drivers/pci/pcie/aspm.o
Input Filename : drivers/pci/pcie/pme.o
Input Filename : drivers/pci/proc.o
Input Filename : drivers/pci/slot.o
Input Filename : drivers/pci/pci-acpi.o
Input Filename : drivers/pci/quirks.o
Input Filename : drivers/pci/hotplug/pci_hotplug_core.o
Input Filename : drivers/pci/hotplug/acpi_pcihp.o
Input Filename : drivers/pci/ats.o
Input Filename : drivers/pci/pci-label.o
Input Filename : drivers/pci/vgaarb.o
Input Filename : drivers/video/aperture.o
Input Filename : drivers/video/cmdline.o
Input Filename : drivers/video/nomodeset.o
Input Filename : drivers/video/hdmi.o
Input Filename : drivers/video/console/dummycon.o
Input Filename : drivers/video/console/vgacon.o
Input Filename : drivers/video/backlight/backlight.o
Input Filename : drivers/video/fbdev/core/fb_notify.o
Input Filename : drivers/video/fbdev/core/fb_info.o
Input Filename : drivers/video/fbdev/core/fbmem.o
Input Filename : drivers/video/fbdev/core/fbcmap.o
Input Filename : drivers/video/fbdev/core/modedb.o
Input Filename : drivers/video/fbdev/core/fbcvt.o
Input Filename : drivers/video/fbdev/core/fb_cmdline.o
Input Filename : drivers/video/fbdev/core/fb_backlight.o
Input Filename : drivers/video/fbdev/core/fbmon.o
Input Filename : drivers/video/fbdev/core/fb_chrdev.o
Input Filename : drivers/video/fbdev/core/fb_procfs.o
Input Filename : drivers/video/fbdev/core/fbsysfs.o
Input Filename : drivers/video/fbdev/core/fbcon.o
Input Filename : drivers/video/fbdev/core/bitblit.o
Input Filename : drivers/video/fbdev/core/softcursor.o
Input Filename : drivers/video/fbdev/core/cfbfillrect.o
Input Filename : drivers/video/fbdev/core/cfbcopyarea.o
Input Filename : drivers/video/fbdev/core/cfbimgblt.o
Input Filename : drivers/video/fbdev/core/fb_io_fops.o
Input Filename : drivers/video/fbdev/vesafb.o
Input Filename : drivers/acpi/tables.o
Input Filename : drivers/acpi/blacklist.o
Input Filename : drivers/acpi/osi.o
Input Filename : drivers/acpi/osl.o
Input Filename : drivers/acpi/utils.o
Input Filename : drivers/acpi/reboot.o
Input Filename : drivers/acpi/nvs.o
Input Filename : drivers/acpi/wakeup.o
Input Filename : drivers/acpi/sleep.o
Input Filename : drivers/acpi/device_sysfs.o
Input Filename : drivers/acpi/device_pm.o
Input Filename : drivers/acpi/proc.o
Input Filename : drivers/acpi/bus.o
Input Filename : drivers/acpi/glue.o
Input Filename : drivers/acpi/scan.o
Input Filename : drivers/acpi/mipi-disco-img.o
Input Filename : drivers/acpi/resource.o
Input Filename : drivers/acpi/acpi_processor.o
Input Filename : drivers/acpi/processor_core.o
Input Filename : drivers/acpi/processor_pdc.o
Input Filename : drivers/acpi/ec.o
Input Filename : drivers/acpi/dock.o
Input Filename : drivers/acpi/pci_root.o
Input Filename : drivers/acpi/pci_link.o
Input Filename : drivers/acpi/pci_irq.o
Input Filename : drivers/acpi/acpi_lpss.o
Input Filename : drivers/acpi/acpi_apd.o
Input Filename : drivers/acpi/acpi_platform.o
Input Filename : drivers/acpi/acpi_pnp.o
Input Filename : drivers/acpi/power.o
Input Filename : drivers/acpi/event.o
Input Filename : drivers/acpi/evged.o
Input Filename : drivers/acpi/sysfs.o
Input Filename : drivers/acpi/property.o
Input Filename : drivers/acpi/acpi_cmos_rtc.o
Input Filename : drivers/acpi/x86/apple.o
Input Filename : drivers/acpi/x86/utils.o
Input Filename : drivers/acpi/x86/s2idle.o
Input Filename : drivers/acpi/debugfs.o
Input Filename : drivers/acpi/acpi_lpat.o
Input Filename : drivers/acpi/acpi_lpit.o
Input Filename : drivers/acpi/prmt.o
Input Filename : drivers/acpi/acpi_pcc.o
Input Filename : drivers/acpi/acpica/dsargs.o
Input Filename : drivers/acpi/acpica/dscontrol.o
Input Filename : drivers/acpi/acpica/dsdebug.o
Input Filename : drivers/acpi/acpica/dsfield.o
Input Filename : drivers/acpi/acpica/dsinit.o
Input Filename : drivers/acpi/acpica/dsmethod.o
Input Filename : drivers/acpi/acpica/dsmthdat.o
Input Filename : drivers/acpi/acpica/dsobject.o
Input Filename : drivers/acpi/acpica/dsopcode.o
Input Filename : drivers/acpi/acpica/dspkginit.o
Input Filename : drivers/acpi/acpica/dsutils.o
Input Filename : drivers/acpi/acpica/dswexec.o
Input Filename : drivers/acpi/acpica/dswload.o
Input Filename : drivers/acpi/acpica/dswload2.o
Input Filename : drivers/acpi/acpica/dswscope.o
Input Filename : drivers/acpi/acpica/dswstate.o
Input Filename : drivers/acpi/acpica/evevent.o
Input Filename : drivers/acpi/acpica/evgpe.o
Input Filename : drivers/acpi/acpica/evgpeblk.o
Input Filename : drivers/acpi/acpica/evgpeinit.o
Input Filename : drivers/acpi/acpica/evgpeutil.o
Input Filename : drivers/acpi/acpica/evglock.o
Input Filename : drivers/acpi/acpica/evhandler.o
Input Filename : drivers/acpi/acpica/evmisc.o
Input Filename : drivers/acpi/acpica/evregion.o
Input Filename : drivers/acpi/acpica/evrgnini.o
Input Filename : drivers/acpi/acpica/evsci.o
Input Filename : drivers/acpi/acpica/evxface.o
Input Filename : drivers/acpi/acpica/evxfevnt.o
Input Filename : drivers/acpi/acpica/evxfgpe.o
Input Filename : drivers/acpi/acpica/evxfregn.o
Input Filename : drivers/acpi/acpica/exconcat.o
Input Filename : drivers/acpi/acpica/exconfig.o
Input Filename : drivers/acpi/acpica/exconvrt.o
Input Filename : drivers/acpi/acpica/excreate.o
Input Filename : drivers/acpi/acpica/exdebug.o
Input Filename : drivers/acpi/acpica/exdump.o
Input Filename : drivers/acpi/acpica/exfield.o
Input Filename : drivers/acpi/acpica/exfldio.o
Input Filename : drivers/acpi/acpica/exmisc.o
Input Filename : drivers/acpi/acpica/exmutex.o
Input Filename : drivers/acpi/acpica/exnames.o
Input Filename : drivers/acpi/acpica/exoparg1.o
Input Filename : drivers/acpi/acpica/exoparg2.o
Input Filename : drivers/acpi/acpica/exoparg3.o
Input Filename : drivers/acpi/acpica/exoparg6.o
Input Filename : drivers/acpi/acpica/exprep.o
Input Filename : drivers/acpi/acpica/exregion.o
Input Filename : drivers/acpi/acpica/exresnte.o
Input Filename : drivers/acpi/acpica/exresolv.o
Input Filename : drivers/acpi/acpica/exresop.o
Input Filename : drivers/acpi/acpica/exserial.o
Input Filename : drivers/acpi/acpica/exstore.o
Input Filename : drivers/acpi/acpica/exstoren.o
Input Filename : drivers/acpi/acpica/exstorob.o
Input Filename : drivers/acpi/acpica/exsystem.o
Input Filename : drivers/acpi/acpica/extrace.o
Input Filename : drivers/acpi/acpica/exutils.o
Input Filename : drivers/acpi/acpica/hwacpi.o
Input Filename : drivers/acpi/acpica/hwesleep.o
Input Filename : drivers/acpi/acpica/hwgpe.o
Input Filename : drivers/acpi/acpica/hwregs.o
Input Filename : drivers/acpi/acpica/hwsleep.o
Input Filename : drivers/acpi/acpica/hwvalid.o
Input Filename : drivers/acpi/acpica/hwxface.o
Input Filename : drivers/acpi/acpica/hwxfsleep.o
Input Filename : drivers/acpi/acpica/hwpci.o
Input Filename : drivers/acpi/acpica/nsaccess.o
Input Filename : drivers/acpi/acpica/nsalloc.o
Input Filename : drivers/acpi/acpica/nsarguments.o
Input Filename : drivers/acpi/acpica/nsconvert.o
Input Filename : drivers/acpi/acpica/nsdump.o
Input Filename : drivers/acpi/acpica/nseval.o
Input Filename : drivers/acpi/acpica/nsinit.o
Input Filename : drivers/acpi/acpica/nsload.o
Input Filename : drivers/acpi/acpica/nsnames.o
Input Filename : drivers/acpi/acpica/nsobject.o
Input Filename : drivers/acpi/acpica/nsparse.o
Input Filename : drivers/acpi/acpica/nspredef.o
Input Filename : drivers/acpi/acpica/nsprepkg.o
Input Filename : drivers/acpi/acpica/nsrepair.o
Input Filename : drivers/acpi/acpica/nsrepair2.o
Input Filename : drivers/acpi/acpica/nssearch.o
Input Filename : drivers/acpi/acpica/nsutils.o
Input Filename : drivers/acpi/acpica/nswalk.o
Input Filename : drivers/acpi/acpica/nsxfeval.o
Input Filename : drivers/acpi/acpica/nsxfname.o
Input Filename : drivers/acpi/acpica/nsxfobj.o
Input Filename : drivers/acpi/acpica/psargs.o
Input Filename : drivers/acpi/acpica/psloop.o
Input Filename : drivers/acpi/acpica/psobject.o
Input Filename : drivers/acpi/acpica/psopcode.o
Input Filename : drivers/acpi/acpica/psopinfo.o
Input Filename : drivers/acpi/acpica/psparse.o
Input Filename : drivers/acpi/acpica/psscope.o
Input Filename : drivers/acpi/acpica/pstree.o
Input Filename : drivers/acpi/acpica/psutils.o
Input Filename : drivers/acpi/acpica/pswalk.o
Input Filename : drivers/acpi/acpica/psxface.o
Input Filename : drivers/acpi/acpica/rsaddr.o
Input Filename : drivers/acpi/acpica/rscalc.o
Input Filename : drivers/acpi/acpica/rscreate.o
Input Filename : drivers/acpi/acpica/rsdumpinfo.o
Input Filename : drivers/acpi/acpica/rsinfo.o
Input Filename : drivers/acpi/acpica/rsio.o
Input Filename : drivers/acpi/acpica/rsirq.o
Input Filename : drivers/acpi/acpica/rslist.o
Input Filename : drivers/acpi/acpica/rsmemory.o
Input Filename : drivers/acpi/acpica/rsmisc.o
Input Filename : drivers/acpi/acpica/rsserial.o
Input Filename : drivers/acpi/acpica/rsutils.o
Input Filename : drivers/acpi/acpica/rsxface.o
Input Filename : drivers/acpi/acpica/tbdata.o
Input Filename : drivers/acpi/acpica/tbfadt.o
Input Filename : drivers/acpi/acpica/tbfind.o
Input Filename : drivers/acpi/acpica/tbinstal.o
Input Filename : drivers/acpi/acpica/tbprint.o
Input Filename : drivers/acpi/acpica/tbutils.o
Input Filename : drivers/acpi/acpica/tbxface.o
Input Filename : drivers/acpi/acpica/tbxfload.o
Input Filename : drivers/acpi/acpica/tbxfroot.o
Input Filename : drivers/acpi/acpica/utaddress.o
Input Filename : drivers/acpi/acpica/utalloc.o
Input Filename : drivers/acpi/acpica/utascii.o
Input Filename : drivers/acpi/acpica/utbuffer.o
Input Filename : drivers/acpi/acpica/utcksum.o
Input Filename : drivers/acpi/acpica/utcopy.o
Input Filename : drivers/acpi/acpica/utexcep.o
Input Filename : drivers/acpi/acpica/utdebug.o
Input Filename : drivers/acpi/acpica/utdecode.o
Input Filename : drivers/acpi/acpica/utdelete.o
Input Filename : drivers/acpi/acpica/uterror.o
Input Filename : drivers/acpi/acpica/uteval.o
Input Filename : drivers/acpi/acpica/utglobal.o
Input Filename : drivers/acpi/acpica/uthex.o
Input Filename : drivers/acpi/acpica/utids.o
Input Filename : drivers/acpi/acpica/utinit.o
Input Filename : drivers/acpi/acpica/utlock.o
Input Filename : drivers/acpi/acpica/utmath.o
Input Filename : drivers/acpi/acpica/utmisc.o
Input Filename : drivers/acpi/acpica/utmutex.o
Input Filename : drivers/acpi/acpica/utnonansi.o
Input Filename : drivers/acpi/acpica/utobject.o
Input Filename : drivers/acpi/acpica/utosi.o
Input Filename : drivers/acpi/acpica/utownerid.o
Input Filename : drivers/acpi/acpica/utpredef.o
Input Filename : drivers/acpi/acpica/utresdecode.o
Input Filename : drivers/acpi/acpica/utresrc.o
Input Filename : drivers/acpi/acpica/utstate.o
Input Filename : drivers/acpi/acpica/utstring.o
Input Filename : drivers/acpi/acpica/utstrsuppt.o
Input Filename : drivers/acpi/acpica/utstrtoul64.o
Input Filename : drivers/acpi/acpica/utxface.o
Input Filename : drivers/acpi/acpica/utxfinit.o
Input Filename : drivers/acpi/acpica/utxferror.o
Input Filename : drivers/acpi/acpica/utxfmutex.o
Input Filename : drivers/acpi/ac.o
Input Filename : drivers/acpi/button.o
Input Filename : drivers/acpi/fan_core.o
Input Filename : drivers/acpi/fan_attr.o
Input Filename : drivers/acpi/acpi_video.o
Input Filename : drivers/acpi/video_detect.o
Input Filename : drivers/acpi/processor_driver.o
Input Filename : drivers/acpi/processor_thermal.o
Input Filename : drivers/acpi/processor_idle.o
Input Filename : drivers/acpi/processor_throttling.o
Input Filename : drivers/acpi/container.o
Input Filename : drivers/acpi/thermal_lib.o
Input Filename : drivers/acpi/thermal.o
Input Filename : drivers/acpi/numa/srat.o
Input Filename : drivers/acpi/acpi_memhotplug.o
Input Filename : drivers/acpi/ioapic.o
Input Filename : drivers/acpi/battery.o
Input Filename : drivers/acpi/bgrt.o
Input Filename : drivers/acpi/spcr.o
Input Filename : drivers/acpi/dptf/int340x_thermal.o
Input Filename : drivers/acpi/viot.o
Input Filename : drivers/pnp/core.o
Input Filename : drivers/pnp/card.o
Input Filename : drivers/pnp/driver.o
Input Filename : drivers/pnp/resource.o
Input Filename : drivers/pnp/manager.o
Input Filename : drivers/pnp/support.o
Input Filename : drivers/pnp/interface.o
Input Filename : drivers/pnp/quirks.o
Input Filename : drivers/pnp/system.o
Input Filename : drivers/pnp/pnpacpi/core.o
Input Filename : drivers/pnp/pnpacpi/rsparser.o
Input Filename : drivers/dma/dmaengine.o
Input Filename : drivers/dma/virt-dma.o
Input Filename : drivers/dma/acpi-dma.o
Input Filename : drivers/dma/dw/core.o
Input Filename : drivers/dma/dw/dw.o
Input Filename : drivers/dma/dw/idma32.o
Input Filename : drivers/dma/dw/acpi.o
Input Filename : drivers/dma/hsu/hsu.o
Input Filename : drivers/virtio/virtio.o
Input Filename : drivers/virtio/virtio_ring.o
Input Filename : drivers/virtio/virtio_anchor.o
Input Filename : drivers/virtio/virtio_pci_modern_dev.o
Input Filename : drivers/virtio/virtio_pci_legacy_dev.o
Input Filename : drivers/virtio/virtio_mmio.o
Input Filename : drivers/virtio/virtio_pci_modern.o
Input Filename : drivers/virtio/virtio_pci_common.o
Input Filename : drivers/virtio/virtio_pci_legacy.o
Input Filename : drivers/virtio/virtio_pci_admin_legacy_io.o
Input Filename : drivers/virtio/virtio_balloon.o
Input Filename : drivers/virtio/virtio_input.o
Input Filename : drivers/virtio/virtio_dma_buf.o
Input Filename : drivers/tty/tty_io.o
Input Filename : drivers/tty/n_tty.o
Input Filename : drivers/tty/tty_ioctl.o
Input Filename : drivers/tty/tty_ldisc.o
Input Filename : drivers/tty/tty_buffer.o
Input Filename : drivers/tty/tty_port.o
Input Filename : drivers/tty/tty_mutex.o
Input Filename : drivers/tty/tty_ldsem.o
Input Filename : drivers/tty/tty_baudrate.o
Input Filename : drivers/tty/tty_jobctrl.o
Input Filename : drivers/tty/n_null.o
Input Filename : drivers/tty/pty.o
Input Filename : drivers/tty/sysrq.o
Input Filename : drivers/tty/vt/vt_ioctl.o
Input Filename : drivers/tty/vt/vc_screen.o
Input Filename : drivers/tty/vt/selection.o
Input Filename : drivers/tty/vt/keyboard.o
Input Filename : drivers/tty/vt/consolemap.o
Input Filename : drivers/tty/vt/consolemap_deftbl.o
Input Filename : drivers/tty/vt/vt.o
Input Filename : drivers/tty/vt/defkeymap.o
Input Filename : drivers/tty/hvc/hvc_console.o
Input Filename : drivers/tty/serial/serial_core.o
Input Filename : drivers/tty/serial/serial_base_bus.o
Input Filename : drivers/tty/serial/serial_ctrl.o
Input Filename : drivers/tty/serial/serial_port.o
Input Filename : drivers/tty/serial/earlycon.o
Input Filename : drivers/tty/serial/8250/8250_core.o
Input Filename : drivers/tty/serial/8250/8250_pnp.o
Input Filename : drivers/tty/serial/8250/8250_port.o
Input Filename : drivers/tty/serial/8250/8250_dma.o
Input Filename : drivers/tty/serial/8250/8250_dwlib.o
Input Filename : drivers/tty/serial/8250/8250_pcilib.o
Input Filename : drivers/tty/serial/8250/8250_early.o
Input Filename : drivers/tty/serial/8250/8250_exar.o
Input Filename : drivers/tty/serial/8250/8250_lpss.o
Input Filename : drivers/tty/serial/8250/8250_mid.o
Input Filename : drivers/tty/serial/8250/8250_pci.o
Input Filename : drivers/tty/serial/8250/8250_pericom.o
Input Filename : drivers/char/mem.o
Input Filename : drivers/char/random.o
Input Filename : drivers/char/misc.o
Input Filename : drivers/char/virtio_console.o
Input Filename : drivers/char/hpet.o
Input Filename : drivers/char/nvram.o
Input Filename : drivers/char/hw_random/core.o
Input Filename : drivers/char/hw_random/via-rng.o
Input Filename : drivers/char/agp/backend.o
Input Filename : drivers/char/agp/generic.o
Input Filename : drivers/char/agp/isoch.o
Input Filename : drivers/char/agp/amd64-agp.o
Input Filename : drivers/char/agp/intel-agp.o
Input Filename : drivers/char/agp/intel-gtt.o
Input Filename : drivers/iommu/amd/iommu.o
Input Filename : drivers/iommu/amd/init.o
Input Filename : drivers/iommu/amd/quirks.o
Input Filename : drivers/iommu/amd/io_pgtable.o
Input Filename : drivers/iommu/amd/io_pgtable_v2.o
Input Filename : drivers/iommu/intel/dmar.o
Input Filename : drivers/iommu/intel/iommu.o
Input Filename : drivers/iommu/intel/pasid.o
Input Filename : drivers/iommu/intel/nested.o
Input Filename : drivers/iommu/intel/trace.o
Input Filename : drivers/iommu/intel/cap_audit.o
Input Filename : drivers/iommu/intel/perfmon.o
Input Filename : drivers/iommu/iommu.o
Input Filename : drivers/iommu/iommu-traces.o
Input Filename : drivers/iommu/iommu-sysfs.o
Input Filename : drivers/iommu/dma-iommu.o
Input Filename : drivers/iommu/io-pgtable.o
Input Filename : drivers/iommu/iova.o
Input Filename : drivers/iommu/virtio-iommu.o
Input Filename : drivers/gpu/drm/drm_aperture.o
Input Filename : drivers/gpu/drm/drm_atomic.o
Input Filename : drivers/gpu/drm/drm_atomic_uapi.o
Input Filename : drivers/gpu/drm/drm_auth.o
Input Filename : drivers/gpu/drm/drm_blend.o
Input Filename : drivers/gpu/drm/drm_bridge.o
Input Filename : drivers/gpu/drm/drm_cache.o
Input Filename : drivers/gpu/drm/drm_client.o
Input Filename : drivers/gpu/drm/drm_client_modeset.o
Input Filename : drivers/gpu/drm/drm_color_mgmt.o
Input Filename : drivers/gpu/drm/drm_connector.o
Input Filename : drivers/gpu/drm/drm_crtc.o
Input Filename : drivers/gpu/drm/drm_displayid.o
Input Filename : drivers/gpu/drm/drm_drv.o
Input Filename : drivers/gpu/drm/drm_dumb_buffers.o
Input Filename : drivers/gpu/drm/drm_edid.o
Input Filename : drivers/gpu/drm/drm_eld.o
Input Filename : drivers/gpu/drm/drm_encoder.o
Input Filename : drivers/gpu/drm/drm_file.o
Input Filename : drivers/gpu/drm/drm_fourcc.o
Input Filename : drivers/gpu/drm/drm_framebuffer.o
Input Filename : drivers/gpu/drm/drm_gem.o
Input Filename : drivers/gpu/drm/drm_ioctl.o
Input Filename : drivers/gpu/drm/drm_lease.o
Input Filename : drivers/gpu/drm/drm_managed.o
Input Filename : drivers/gpu/drm/drm_mm.o
Input Filename : drivers/gpu/drm/drm_mode_config.o
Input Filename : drivers/gpu/drm/drm_mode_object.o
Input Filename : drivers/gpu/drm/drm_modes.o
Input Filename : drivers/gpu/drm/drm_modeset_lock.o
Input Filename : drivers/gpu/drm/drm_plane.o
Input Filename : drivers/gpu/drm/drm_prime.o
Input Filename : drivers/gpu/drm/drm_print.o
Input Filename : drivers/gpu/drm/drm_property.o
Input Filename : drivers/gpu/drm/drm_syncobj.o
Input Filename : drivers/gpu/drm/drm_sysfs.o
Input Filename : drivers/gpu/drm/drm_trace_points.o
Input Filename : drivers/gpu/drm/drm_vblank.o
Input Filename : drivers/gpu/drm/drm_vblank_work.o
Input Filename : drivers/gpu/drm/drm_vma_manager.o
Input Filename : drivers/gpu/drm/drm_writeback.o
Input Filename : drivers/gpu/drm/drm_ioc32.o
Input Filename : drivers/gpu/drm/drm_panel.o
Input Filename : drivers/gpu/drm/drm_pci.o
Input Filename : drivers/gpu/drm/drm_debugfs.o
Input Filename : drivers/gpu/drm/drm_debugfs_crc.o
Input Filename : drivers/gpu/drm/drm_panel_orientation_quirks.o
Input Filename : drivers/gpu/drm/drm_buddy.o
Input Filename : drivers/gpu/drm/drm_gem_shmem_helper.o
Input Filename : drivers/gpu/drm/drm_gem_vram_helper.o
Input Filename : drivers/gpu/drm/drm_gem_ttm_helper.o
Input Filename : drivers/gpu/drm/drm_atomic_helper.o
Input Filename : drivers/gpu/drm/drm_atomic_state_helper.o
Input Filename : drivers/gpu/drm/drm_bridge_connector.o
Input Filename : drivers/gpu/drm/drm_crtc_helper.o
Input Filename : drivers/gpu/drm/drm_damage_helper.o
Input Filename : drivers/gpu/drm/drm_encoder_slave.o
Input Filename : drivers/gpu/drm/drm_flip_work.o
Input Filename : drivers/gpu/drm/drm_format_helper.o
Input Filename : drivers/gpu/drm/drm_gem_atomic_helper.o
Input Filename : drivers/gpu/drm/drm_gem_framebuffer_helper.o
Input Filename : drivers/gpu/drm/drm_kms_helper_common.o
Input Filename : drivers/gpu/drm/drm_modeset_helper.o
Input Filename : drivers/gpu/drm/drm_plane_helper.o
Input Filename : drivers/gpu/drm/drm_probe_helper.o
Input Filename : drivers/gpu/drm/drm_rect.o
Input Filename : drivers/gpu/drm/drm_self_refresh_helper.o
Input Filename : drivers/gpu/drm/drm_simple_kms_helper.o
Input Filename : drivers/gpu/drm/bridge/panel.o
Input Filename : drivers/gpu/drm/drm_mipi_dsi.o
Input Filename : drivers/gpu/drm/display/drm_display_helper_mod.o
Input Filename : drivers/gpu/drm/display/drm_dp_dual_mode_helper.o
Input Filename : drivers/gpu/drm/display/drm_dp_helper.o
Input Filename : drivers/gpu/drm/display/drm_dp_mst_topology.o
Input Filename : drivers/gpu/drm/display/drm_dsc_helper.o
Input Filename : drivers/gpu/drm/display/drm_hdcp_helper.o
Input Filename : drivers/gpu/drm/display/drm_hdmi_helper.o
Input Filename : drivers/gpu/drm/display/drm_scdc_helper.o
Input Filename : drivers/gpu/drm/ttm/ttm_tt.o
Input Filename : drivers/gpu/drm/ttm/ttm_bo.o
Input Filename : drivers/gpu/drm/ttm/ttm_bo_util.o
Input Filename : drivers/gpu/drm/ttm/ttm_bo_vm.o
Input Filename : drivers/gpu/drm/ttm/ttm_module.o
Input Filename : drivers/gpu/drm/ttm/ttm_execbuf_util.o
Input Filename : drivers/gpu/drm/ttm/ttm_range_manager.o
Input Filename : drivers/gpu/drm/ttm/ttm_resource.o
Input Filename : drivers/gpu/drm/ttm/ttm_pool.o
Input Filename : drivers/gpu/drm/ttm/ttm_device.o
Input Filename : drivers/gpu/drm/ttm/ttm_sys_manager.o
Input Filename : drivers/gpu/drm/ttm/ttm_agp_backend.o
Input Filename : drivers/gpu/drm/i915/i915_config.o
Input Filename : drivers/gpu/drm/i915/i915_driver.o
Input Filename : drivers/gpu/drm/i915/i915_drm_client.o
Input Filename : drivers/gpu/drm/i915/i915_getparam.o
Input Filename : drivers/gpu/drm/i915/i915_ioctl.o
Input Filename : drivers/gpu/drm/i915/i915_irq.o
Input Filename : drivers/gpu/drm/i915/i915_mitigations.o
Input Filename : drivers/gpu/drm/i915/i915_module.o
Input Filename : drivers/gpu/drm/i915/i915_params.o
Input Filename : drivers/gpu/drm/i915/i915_pci.o
Input Filename : drivers/gpu/drm/i915/i915_scatterlist.o
Input Filename : drivers/gpu/drm/i915/i915_suspend.o
Input Filename : drivers/gpu/drm/i915/i915_switcheroo.o
Input Filename : drivers/gpu/drm/i915/i915_sysfs.o
Input Filename : drivers/gpu/drm/i915/i915_utils.o
Input Filename : drivers/gpu/drm/i915/intel_clock_gating.o
Input Filename : drivers/gpu/drm/i915/intel_device_info.o
Input Filename : drivers/gpu/drm/i915/intel_memory_region.o
Input Filename : drivers/gpu/drm/i915/intel_pcode.o
Input Filename : drivers/gpu/drm/i915/intel_region_ttm.o
Input Filename : drivers/gpu/drm/i915/intel_runtime_pm.o
Input Filename : drivers/gpu/drm/i915/intel_sbi.o
Input Filename : drivers/gpu/drm/i915/intel_step.o
Input Filename : drivers/gpu/drm/i915/intel_uncore.o
Input Filename : drivers/gpu/drm/i915/intel_wakeref.o
Input Filename : drivers/gpu/drm/i915/vlv_sideband.o
Input Filename : drivers/gpu/drm/i915/vlv_suspend.o
Input Filename : drivers/gpu/drm/i915/soc/intel_dram.o
Input Filename : drivers/gpu/drm/i915/soc/intel_gmch.o
Input Filename : drivers/gpu/drm/i915/soc/intel_pch.o
Input Filename : drivers/gpu/drm/i915/i915_memcpy.o
Input Filename : drivers/gpu/drm/i915/i915_mm.o
Input Filename : drivers/gpu/drm/i915/i915_sw_fence.o
Input Filename : drivers/gpu/drm/i915/i915_sw_fence_work.o
Input Filename : drivers/gpu/drm/i915/i915_syncmap.o
Input Filename : drivers/gpu/drm/i915/i915_user_extensions.o
Input Filename : drivers/gpu/drm/i915/i915_ioc32.o
Input Filename : drivers/gpu/drm/i915/i915_debugfs.o
Input Filename : drivers/gpu/drm/i915/i915_debugfs_params.o
Input Filename : drivers/gpu/drm/i915/i915_pmu.o
Input Filename : drivers/gpu/drm/i915/gt/gen2_engine_cs.o
Input Filename : drivers/gpu/drm/i915/gt/gen6_engine_cs.o
Input Filename : drivers/gpu/drm/i915/gt/gen6_ppgtt.o
Input Filename : drivers/gpu/drm/i915/gt/gen7_renderclear.o
Input Filename : drivers/gpu/drm/i915/gt/gen8_engine_cs.o
Input Filename : drivers/gpu/drm/i915/gt/gen8_ppgtt.o
Input Filename : drivers/gpu/drm/i915/gt/intel_breadcrumbs.o
Input Filename : drivers/gpu/drm/i915/gt/intel_context.o
Input Filename : drivers/gpu/drm/i915/gt/intel_context_sseu.o
Input Filename : drivers/gpu/drm/i915/gt/intel_engine_cs.o
Input Filename : drivers/gpu/drm/i915/gt/intel_engine_heartbeat.o
Input Filename : drivers/gpu/drm/i915/gt/intel_engine_pm.o
Input Filename : drivers/gpu/drm/i915/gt/intel_engine_user.o
Input Filename : drivers/gpu/drm/i915/gt/intel_execlists_submission.o
Input Filename : drivers/gpu/drm/i915/gt/intel_ggtt.o
Input Filename : drivers/gpu/drm/i915/gt/intel_ggtt_fencing.o
Input Filename : drivers/gpu/drm/i915/gt/intel_gt.o
Input Filename : drivers/gpu/drm/i915/gt/intel_gt_buffer_pool.o
Input Filename : drivers/gpu/drm/i915/gt/intel_gt_clock_utils.o
Input Filename : drivers/gpu/drm/i915/gt/intel_gt_debugfs.o
Input Filename : drivers/gpu/drm/i915/gt/intel_gt_engines_debugfs.o
Input Filename : drivers/gpu/drm/i915/gt/intel_gt_irq.o
Input Filename : drivers/gpu/drm/i915/gt/intel_gt_mcr.o
Input Filename : drivers/gpu/drm/i915/gt/intel_gt_pm.o
Input Filename : drivers/gpu/drm/i915/gt/intel_gt_pm_debugfs.o
Input Filename : drivers/gpu/drm/i915/gt/intel_gt_pm_irq.o
Input Filename : drivers/gpu/drm/i915/gt/intel_gt_requests.o
Input Filename : drivers/gpu/drm/i915/gt/intel_gt_sysfs.o
Input Filename : drivers/gpu/drm/i915/gt/intel_gt_sysfs_pm.o
Input Filename : drivers/gpu/drm/i915/gt/intel_gtt.o
Input Filename : drivers/gpu/drm/i915/gt/intel_llc.o
Input Filename : drivers/gpu/drm/i915/gt/intel_lrc.o
Input Filename : drivers/gpu/drm/i915/gt/intel_migrate.o
Input Filename : drivers/gpu/drm/i915/gt/intel_mocs.o
Input Filename : drivers/gpu/drm/i915/gt/intel_ppgtt.o
Input Filename : drivers/gpu/drm/i915/gt/intel_rc6.o
Input Filename : drivers/gpu/drm/i915/gt/intel_region_lmem.o
Input Filename : drivers/gpu/drm/i915/gt/intel_renderstate.o
Input Filename : drivers/gpu/drm/i915/gt/intel_reset.o
Input Filename : drivers/gpu/drm/i915/gt/intel_ring.o
Input Filename : drivers/gpu/drm/i915/gt/intel_ring_submission.o
Input Filename : drivers/gpu/drm/i915/gt/intel_rps.o
Input Filename : drivers/gpu/drm/i915/gt/intel_sa_media.o
Input Filename : drivers/gpu/drm/i915/gt/intel_sseu.o
Input Filename : drivers/gpu/drm/i915/gt/intel_sseu_debugfs.o
Input Filename : drivers/gpu/drm/i915/gt/intel_timeline.o
Input Filename : drivers/gpu/drm/i915/gt/intel_tlb.o
Input Filename : drivers/gpu/drm/i915/gt/intel_wopcm.o
Input Filename : drivers/gpu/drm/i915/gt/intel_workarounds.o
Input Filename : drivers/gpu/drm/i915/gt/shmem_utils.o
Input Filename : drivers/gpu/drm/i915/gt/sysfs_engines.o
Input Filename : drivers/gpu/drm/i915/gt/intel_ggtt_gmch.o
Input Filename : drivers/gpu/drm/i915/gt/gen6_renderstate.o
Input Filename : drivers/gpu/drm/i915/gt/gen7_renderstate.o
Input Filename : drivers/gpu/drm/i915/gt/gen8_renderstate.o
Input Filename : drivers/gpu/drm/i915/gt/gen9_renderstate.o
Input Filename : drivers/gpu/drm/i915/gem/i915_gem_busy.o
Input Filename : drivers/gpu/drm/i915/gem/i915_gem_clflush.o
Input Filename : drivers/gpu/drm/i915/gem/i915_gem_context.o
Input Filename : drivers/gpu/drm/i915/gem/i915_gem_create.o
Input Filename : drivers/gpu/drm/i915/gem/i915_gem_dmabuf.o
Input Filename : drivers/gpu/drm/i915/gem/i915_gem_domain.o
Input Filename : drivers/gpu/drm/i915/gem/i915_gem_execbuffer.o
Input Filename : drivers/gpu/drm/i915/gem/i915_gem_internal.o
Input Filename : drivers/gpu/drm/i915/gem/i915_gem_lmem.o
Input Filename : drivers/gpu/drm/i915/gem/i915_gem_mman.o
Input Filename : drivers/gpu/drm/i915/gem/i915_gem_object.o
Input Filename : drivers/gpu/drm/i915/gem/i915_gem_pages.o
Input Filename : drivers/gpu/drm/i915/gem/i915_gem_phys.o
Input Filename : drivers/gpu/drm/i915/gem/i915_gem_pm.o
Input Filename : drivers/gpu/drm/i915/gem/i915_gem_region.o
Input Filename : drivers/gpu/drm/i915/gem/i915_gem_shmem.o
Input Filename : drivers/gpu/drm/i915/gem/i915_gem_shrinker.o
Input Filename : drivers/gpu/drm/i915/gem/i915_gem_stolen.o
Input Filename : drivers/gpu/drm/i915/gem/i915_gem_throttle.o
Input Filename : drivers/gpu/drm/i915/gem/i915_gem_tiling.o
Input Filename : drivers/gpu/drm/i915/gem/i915_gem_ttm.o
Input Filename : drivers/gpu/drm/i915/gem/i915_gem_ttm_move.o
Input Filename : drivers/gpu/drm/i915/gem/i915_gem_ttm_pm.o
Input Filename : drivers/gpu/drm/i915/gem/i915_gem_userptr.o
Input Filename : drivers/gpu/drm/i915/gem/i915_gem_wait.o
Input Filename : drivers/gpu/drm/i915/gem/i915_gemfs.o
Input Filename : drivers/gpu/drm/i915/i915_active.o
Input Filename : drivers/gpu/drm/i915/i915_cmd_parser.o
Input Filename : drivers/gpu/drm/i915/i915_deps.o
Input Filename : drivers/gpu/drm/i915/i915_gem.o
Input Filename : drivers/gpu/drm/i915/i915_gem_evict.o
Input Filename : drivers/gpu/drm/i915/i915_gem_gtt.o
Input Filename : drivers/gpu/drm/i915/i915_gem_ww.o
Input Filename : drivers/gpu/drm/i915/i915_query.o
Input Filename : drivers/gpu/drm/i915/i915_request.o
Input Filename : drivers/gpu/drm/i915/i915_scheduler.o
Input Filename : drivers/gpu/drm/i915/i915_trace_points.o
Input Filename : drivers/gpu/drm/i915/i915_ttm_buddy_manager.o
Input Filename : drivers/gpu/drm/i915/i915_vma.o
Input Filename : drivers/gpu/drm/i915/i915_vma_resource.o
Input Filename : drivers/gpu/drm/i915/gt/uc/intel_gsc_fw.o
Input Filename : drivers/gpu/drm/i915/gt/uc/intel_gsc_proxy.o
Input Filename : drivers/gpu/drm/i915/gt/uc/intel_gsc_uc.o
Input Filename : drivers/gpu/drm/i915/gt/uc/intel_gsc_uc_debugfs.o
Input Filename : drivers/gpu/drm/i915/gt/uc/intel_gsc_uc_heci_cmd_submit.o
Input Filename : drivers/gpu/drm/i915/gt/uc/intel_guc.o
Input Filename : drivers/gpu/drm/i915/gt/uc/intel_guc_ads.o
Input Filename : drivers/gpu/drm/i915/gt/uc/intel_guc_capture.o
Input Filename : drivers/gpu/drm/i915/gt/uc/intel_guc_ct.o
Input Filename : drivers/gpu/drm/i915/gt/uc/intel_guc_debugfs.o
Input Filename : drivers/gpu/drm/i915/gt/uc/intel_guc_fw.o
Input Filename : drivers/gpu/drm/i915/gt/uc/intel_guc_hwconfig.o
Input Filename : drivers/gpu/drm/i915/gt/uc/intel_guc_log.o
Input Filename : drivers/gpu/drm/i915/gt/uc/intel_guc_log_debugfs.o
Input Filename : drivers/gpu/drm/i915/gt/uc/intel_guc_rc.o
Input Filename : drivers/gpu/drm/i915/gt/uc/intel_guc_slpc.o
Input Filename : drivers/gpu/drm/i915/gt/uc/intel_guc_submission.o
Input Filename : drivers/gpu/drm/i915/gt/uc/intel_huc.o
Input Filename : drivers/gpu/drm/i915/gt/uc/intel_huc_debugfs.o
Input Filename : drivers/gpu/drm/i915/gt/uc/intel_huc_fw.o
Input Filename : drivers/gpu/drm/i915/gt/uc/intel_uc.o
Input Filename : drivers/gpu/drm/i915/gt/uc/intel_uc_debugfs.o
Input Filename : drivers/gpu/drm/i915/gt/uc/intel_uc_fw.o
Input Filename : drivers/gpu/drm/i915/gt/intel_gsc.o
Input Filename : drivers/gpu/drm/i915/i915_hwmon.o
Input Filename : drivers/gpu/drm/i915/display/hsw_ips.o
Input Filename : drivers/gpu/drm/i915/display/i9xx_plane.o
Input Filename : drivers/gpu/drm/i915/display/i9xx_wm.o
Input Filename : drivers/gpu/drm/i915/display/intel_atomic.o
Input Filename : drivers/gpu/drm/i915/display/intel_atomic_plane.o
Input Filename : drivers/gpu/drm/i915/display/intel_audio.o
Input Filename : drivers/gpu/drm/i915/display/intel_bios.o
Input Filename : drivers/gpu/drm/i915/display/intel_bw.o
Input Filename : drivers/gpu/drm/i915/display/intel_cdclk.o
Input Filename : drivers/gpu/drm/i915/display/intel_color.o
Input Filename : drivers/gpu/drm/i915/display/intel_combo_phy.o
Input Filename : drivers/gpu/drm/i915/display/intel_connector.o
Input Filename : drivers/gpu/drm/i915/display/intel_crtc.o
Input Filename : drivers/gpu/drm/i915/display/intel_crtc_state_dump.o
Input Filename : drivers/gpu/drm/i915/display/intel_cursor.o
Input Filename : drivers/gpu/drm/i915/display/intel_display.o
Input Filename : drivers/gpu/drm/i915/display/intel_display_driver.o
Input Filename : drivers/gpu/drm/i915/display/intel_display_irq.o
Input Filename : drivers/gpu/drm/i915/display/intel_display_params.o
Input Filename : drivers/gpu/drm/i915/display/intel_display_power.o
Input Filename : drivers/gpu/drm/i915/display/intel_display_power_map.o
Input Filename : drivers/gpu/drm/i915/display/intel_display_power_well.o
Input Filename : drivers/gpu/drm/i915/display/intel_display_reset.o
Input Filename : drivers/gpu/drm/i915/display/intel_display_rps.o
Input Filename : drivers/gpu/drm/i915/display/intel_display_wa.o
Input Filename : drivers/gpu/drm/i915/display/intel_dmc.o
Input Filename : drivers/gpu/drm/i915/display/intel_dpio_phy.o
Input Filename : drivers/gpu/drm/i915/display/intel_dpll.o
Input Filename : drivers/gpu/drm/i915/display/intel_dpll_mgr.o
Input Filename : drivers/gpu/drm/i915/display/intel_dpt.o
Input Filename : drivers/gpu/drm/i915/display/intel_dpt_common.o
Input Filename : drivers/gpu/drm/i915/display/intel_drrs.o
Input Filename : drivers/gpu/drm/i915/display/intel_dsb.o
Input Filename : drivers/gpu/drm/i915/display/intel_dsb_buffer.o
Input Filename : drivers/gpu/drm/i915/display/intel_fb.o
Input Filename : drivers/gpu/drm/i915/display/intel_fb_bo.o
Input Filename : drivers/gpu/drm/i915/display/intel_fb_pin.o
Input Filename : drivers/gpu/drm/i915/display/intel_fbc.o
Input Filename : drivers/gpu/drm/i915/display/intel_fdi.o
Input Filename : drivers/gpu/drm/i915/display/intel_fifo_underrun.o
Input Filename : drivers/gpu/drm/i915/display/intel_frontbuffer.o
Input Filename : drivers/gpu/drm/i915/display/intel_global_state.o
Input Filename : drivers/gpu/drm/i915/display/intel_hdcp.o
Input Filename : drivers/gpu/drm/i915/display/intel_hdcp_gsc.o
Input Filename : drivers/gpu/drm/i915/display/intel_hdcp_gsc_message.o
Input Filename : drivers/gpu/drm/i915/display/intel_hotplug.o
Input Filename : drivers/gpu/drm/i915/display/intel_hotplug_irq.o
Input Filename : drivers/gpu/drm/i915/display/intel_hti.o
Input Filename : drivers/gpu/drm/i915/display/intel_link_bw.o
Input Filename : drivers/gpu/drm/i915/display/intel_load_detect.o
Input Filename : drivers/gpu/drm/i915/display/intel_lpe_audio.o
Input Filename : drivers/gpu/drm/i915/display/intel_modeset_lock.o
Input Filename : drivers/gpu/drm/i915/display/intel_modeset_setup.o
Input Filename : drivers/gpu/drm/i915/display/intel_modeset_verify.o
Input Filename : drivers/gpu/drm/i915/display/intel_overlay.o
Input Filename : drivers/gpu/drm/i915/display/intel_pch_display.o
Input Filename : drivers/gpu/drm/i915/display/intel_pch_refclk.o
Input Filename : drivers/gpu/drm/i915/display/intel_plane_initial.o
Input Filename : drivers/gpu/drm/i915/display/intel_pmdemand.o
Input Filename : drivers/gpu/drm/i915/display/intel_psr.o
Input Filename : drivers/gpu/drm/i915/display/intel_quirks.o
Input Filename : drivers/gpu/drm/i915/display/intel_sprite.o
Input Filename : drivers/gpu/drm/i915/display/intel_sprite_uapi.o
Input Filename : drivers/gpu/drm/i915/display/intel_tc.o
Input Filename : drivers/gpu/drm/i915/display/intel_vblank.o
Input Filename : drivers/gpu/drm/i915/display/intel_vga.o
Input Filename : drivers/gpu/drm/i915/display/intel_wm.o
Input Filename : drivers/gpu/drm/i915/display/skl_scaler.o
Input Filename : drivers/gpu/drm/i915/display/skl_universal_plane.o
Input Filename : drivers/gpu/drm/i915/display/skl_watermark.o
Input Filename : drivers/gpu/drm/i915/display/intel_acpi.o
Input Filename : drivers/gpu/drm/i915/display/intel_opregion.o
Input Filename : drivers/gpu/drm/i915/display/intel_display_debugfs.o
Input Filename : drivers/gpu/drm/i915/display/intel_display_debugfs_params.o
Input Filename : drivers/gpu/drm/i915/display/intel_pipe_crc.o
Input Filename : drivers/gpu/drm/i915/display/dvo_ch7017.o
Input Filename : drivers/gpu/drm/i915/display/dvo_ch7xxx.o
Input Filename : drivers/gpu/drm/i915/display/dvo_ivch.o
Input Filename : drivers/gpu/drm/i915/display/dvo_ns2501.o
Input Filename : drivers/gpu/drm/i915/display/dvo_sil164.o
Input Filename : drivers/gpu/drm/i915/display/dvo_tfp410.o
Input Filename : drivers/gpu/drm/i915/display/g4x_dp.o
Input Filename : drivers/gpu/drm/i915/display/g4x_hdmi.o
Input Filename : drivers/gpu/drm/i915/display/icl_dsi.o
Input Filename : drivers/gpu/drm/i915/display/intel_backlight.o
Input Filename : drivers/gpu/drm/i915/display/intel_crt.o
Input Filename : drivers/gpu/drm/i915/display/intel_cx0_phy.o
Input Filename : drivers/gpu/drm/i915/display/intel_ddi.o
Input Filename : drivers/gpu/drm/i915/display/intel_ddi_buf_trans.o
Input Filename : drivers/gpu/drm/i915/display/intel_display_device.o
Input Filename : drivers/gpu/drm/i915/display/intel_display_trace.o
Input Filename : drivers/gpu/drm/i915/display/intel_dkl_phy.o
Input Filename : drivers/gpu/drm/i915/display/intel_dp.o
Input Filename : drivers/gpu/drm/i915/display/intel_dp_aux.o
Input Filename : drivers/gpu/drm/i915/display/intel_dp_aux_backlight.o
Input Filename : drivers/gpu/drm/i915/display/intel_dp_hdcp.o
Input Filename : drivers/gpu/drm/i915/display/intel_dp_link_training.o
Input Filename : drivers/gpu/drm/i915/display/intel_dp_mst.o
Input Filename : drivers/gpu/drm/i915/display/intel_dsi.o
Input Filename : drivers/gpu/drm/i915/display/intel_dsi_dcs_backlight.o
Input Filename : drivers/gpu/drm/i915/display/intel_dsi_vbt.o
Input Filename : drivers/gpu/drm/i915/display/intel_dvo.o
Input Filename : drivers/gpu/drm/i915/display/intel_gmbus.o
Input Filename : drivers/gpu/drm/i915/display/intel_hdmi.o
Input Filename : drivers/gpu/drm/i915/display/intel_lspcon.o
Input Filename : drivers/gpu/drm/i915/display/intel_lvds.o
Input Filename : drivers/gpu/drm/i915/display/intel_panel.o
Input Filename : drivers/gpu/drm/i915/display/intel_pps.o
Input Filename : drivers/gpu/drm/i915/display/intel_qp_tables.o
Input Filename : drivers/gpu/drm/i915/display/intel_sdvo.o
Input Filename : drivers/gpu/drm/i915/display/intel_snps_phy.o
Input Filename : drivers/gpu/drm/i915/display/intel_tv.o
Input Filename : drivers/gpu/drm/i915/display/intel_vdsc.o
Input Filename : drivers/gpu/drm/i915/display/intel_vrr.o
Input Filename : drivers/gpu/drm/i915/display/vlv_dsi.o
Input Filename : drivers/gpu/drm/i915/display/vlv_dsi_pll.o
Input Filename : drivers/gpu/drm/i915/i915_perf.o
Input Filename : drivers/gpu/drm/i915/pxp/intel_pxp.o
Input Filename : drivers/gpu/drm/i915/pxp/intel_pxp_huc.o
Input Filename : drivers/gpu/drm/i915/pxp/intel_pxp_tee.o
Input Filename : drivers/gpu/drm/i915/i915_gpu_error.o
Input Filename : drivers/gpu/drm/i915/i915_vgpu.o
Input Filename : drivers/gpu/drm/virtio/virtgpu_drv.o
Input Filename : drivers/gpu/drm/virtio/virtgpu_kms.o
Input Filename : drivers/gpu/drm/virtio/virtgpu_gem.o
Input Filename : drivers/gpu/drm/virtio/virtgpu_vram.o
Input Filename : drivers/gpu/drm/virtio/virtgpu_display.o
Input Filename : drivers/gpu/drm/virtio/virtgpu_vq.o
Input Filename : drivers/gpu/drm/virtio/virtgpu_fence.o
Input Filename : drivers/gpu/drm/virtio/virtgpu_object.o
Input Filename : drivers/gpu/drm/virtio/virtgpu_debugfs.o
Input Filename : drivers/gpu/drm/virtio/virtgpu_plane.o
Input Filename : drivers/gpu/drm/virtio/virtgpu_ioctl.o
Input Filename : drivers/gpu/drm/virtio/virtgpu_prime.o
Input Filename : drivers/gpu/drm/virtio/virtgpu_trace_points.o
Input Filename : drivers/gpu/drm/virtio/virtgpu_submit.o
Input Filename : drivers/gpu/drm/tiny/bochs.o
Input Filename : drivers/connector/cn_queue.o
Input Filename : drivers/connector/connector.o
Input Filename : drivers/connector/cn_proc.o
Input Filename : drivers/base/component.o
Input Filename : drivers/base/core.o
Input Filename : drivers/base/bus.o
Input Filename : drivers/base/dd.o
Input Filename : drivers/base/syscore.o
Input Filename : drivers/base/driver.o
Input Filename : drivers/base/class.o
Input Filename : drivers/base/platform.o
Input Filename : drivers/base/cpu.o
Input Filename : drivers/base/firmware.o
Input Filename : drivers/base/init.o
Input Filename : drivers/base/map.o
Input Filename : drivers/base/devres.o
Input Filename : drivers/base/attribute_container.o
Input Filename : drivers/base/transport_class.o
Input Filename : drivers/base/topology.o
Input Filename : drivers/base/container.o
Input Filename : drivers/base/property.o
Input Filename : drivers/base/cacheinfo.o
Input Filename : drivers/base/swnode.o
Input Filename : drivers/base/auxiliary.o
Input Filename : drivers/base/devtmpfs.o
Input Filename : drivers/base/power/sysfs.o
Input Filename : drivers/base/power/generic_ops.o
Input Filename : drivers/base/power/common.o
Input Filename : drivers/base/power/qos.o
Input Filename : drivers/base/power/runtime.o
Input Filename : drivers/base/power/wakeirq.o
Input Filename : drivers/base/power/main.o
Input Filename : drivers/base/power/wakeup.o
Input Filename : drivers/base/power/wakeup_stats.o
Input Filename : drivers/base/power/trace.o
Input Filename : drivers/base/firmware_loader/main.o
Input Filename : drivers/base/firmware_loader/builtin/main.o
Input Filename : drivers/base/node.o
Input Filename : drivers/base/memory.o
Input Filename : drivers/base/module.o
Input Filename : drivers/base/regmap/regmap.o
Input Filename : drivers/base/regmap/regcache.o
Input Filename : drivers/base/regmap/regcache-rbtree.o
Input Filename : drivers/base/regmap/regcache-flat.o
Input Filename : drivers/base/regmap/regcache-maple.o
Input Filename : drivers/base/regmap/regmap-debugfs.o
Input Filename : drivers/base/platform-msi.o
Input Filename : drivers/base/physical_location.o
Input Filename : drivers/base/trace.o
Input Filename : drivers/block/loop.o
Input Filename : drivers/block/virtio_blk.o
Input Filename : drivers/misc/mei/init.o
Input Filename : drivers/misc/mei/hbm.o
Input Filename : drivers/misc/mei/interrupt.o
Input Filename : drivers/misc/mei/client.o
Input Filename : drivers/misc/mei/main.o
Input Filename : drivers/misc/mei/dma-ring.o
Input Filename : drivers/misc/mei/bus.o
Input Filename : drivers/misc/mei/bus-fixup.o
Input Filename : drivers/misc/mei/debugfs.o
Input Filename : drivers/misc/mei/mei-trace.o
Input Filename : drivers/misc/mei/pci-me.o
Input Filename : drivers/misc/mei/hw-me.o
Input Filename : drivers/dax/super.o
Input Filename : drivers/dax/bus.o
Input Filename : drivers/dma-buf/dma-buf.o
Input Filename : drivers/dma-buf/dma-fence.o
Input Filename : drivers/dma-buf/dma-fence-array.o
Input Filename : drivers/dma-buf/dma-fence-chain.o
Input Filename : drivers/dma-buf/dma-fence-unwrap.o
Input Filename : drivers/dma-buf/dma-resv.o
Input Filename : drivers/dma-buf/sync_file.o
Input Filename : drivers/macintosh/mac_hid.o
Input Filename : drivers/scsi/scsi.o
Input Filename : drivers/scsi/hosts.o
Input Filename : drivers/scsi/scsi_ioctl.o
Input Filename : drivers/scsi/scsicam.o
Input Filename : drivers/scsi/scsi_error.o
Input Filename : drivers/scsi/scsi_lib.o
Input Filename : drivers/scsi/constants.o
Input Filename : drivers/scsi/scsi_lib_dma.o
Input Filename : drivers/scsi/scsi_scan.o
Input Filename : drivers/scsi/scsi_sysfs.o
Input Filename : drivers/scsi/scsi_devinfo.o
Input Filename : drivers/scsi/scsi_sysctl.o
Input Filename : drivers/scsi/scsi_proc.o
Input Filename : drivers/scsi/scsi_debugfs.o
Input Filename : drivers/scsi/scsi_trace.o
Input Filename : drivers/scsi/scsi_logging.o
Input Filename : drivers/scsi/scsi_pm.o
Input Filename : drivers/scsi/scsi_bsg.o
Input Filename : drivers/scsi/scsi_common.o
Input Filename : drivers/scsi/scsi_transport_spi.o
Input Filename : drivers/scsi/virtio_scsi.o
Input Filename : drivers/scsi/sd.o
Input Filename : drivers/scsi/sg.o
Input Filename : drivers/nvme/host/core.o
Input Filename : drivers/nvme/host/ioctl.o
Input Filename : drivers/nvme/host/sysfs.o
Input Filename : drivers/nvme/host/pr.o
Input Filename : drivers/nvme/host/trace.o
Input Filename : drivers/nvme/host/fabrics.o
Input Filename : drivers/nvme/host/tcp.o
Input Filename : drivers/ata/libata-core.o
Input Filename : drivers/ata/libata-scsi.o
Input Filename : drivers/ata/libata-eh.o
Input Filename : drivers/ata/libata-transport.o
Input Filename : drivers/ata/libata-trace.o
Input Filename : drivers/ata/libata-sata.o
Input Filename : drivers/ata/libata-sff.o
Input Filename : drivers/ata/libata-pmp.o
Input Filename : drivers/ata/libata-acpi.o
Input Filename : drivers/ata/libata-pata-timings.o
Input Filename : drivers/ata/ahci.o
Input Filename : drivers/ata/libahci.o
Input Filename : drivers/ata/ata_piix.o
Input Filename : drivers/ata/pata_amd.o
Input Filename : drivers/ata/pata_oldpiix.o
Input Filename : drivers/ata/pata_sch.o
Input Filename : drivers/net/loopback.o
Input Filename : drivers/net/netconsole.o
Input Filename : drivers/net/phy/mdio-boardinfo.o
Input Filename : drivers/net/phy/stubs.o
Input Filename : drivers/net/phy/mdio_devres.o
Input Filename : drivers/net/phy/phy.o
Input Filename : drivers/net/phy/phy-c45.o
Input Filename : drivers/net/phy/phy-core.o
Input Filename : drivers/net/phy/phy_device.o
Input Filename : drivers/net/phy/linkmode.o
Input Filename : drivers/net/phy/mdio_bus.o
Input Filename : drivers/net/phy/mdio_device.o
Input Filename : drivers/net/phy/swphy.o
Input Filename : drivers/net/phy/fixed_phy.o
Input Filename : drivers/net/phy/realtek.o
Input Filename : drivers/net/mdio/acpi_mdio.o
Input Filename : drivers/net/mdio/fwnode_mdio.o
Input Filename : drivers/net/tun.o
Input Filename : drivers/net/veth.o
Input Filename : drivers/net/virtio_net.o
Input Filename : drivers/net/ethernet/intel/e1000/e1000_main.o
Input Filename : drivers/net/ethernet/intel/e1000/e1000_hw.o
Input Filename : drivers/net/ethernet/intel/e1000/e1000_ethtool.o
Input Filename : drivers/net/ethernet/intel/e1000/e1000_param.o
Input Filename : drivers/net/ethernet/intel/e1000e/82571.o
Input Filename : drivers/net/ethernet/intel/e1000e/ich8lan.o
Input Filename : drivers/net/ethernet/intel/e1000e/80003es2lan.o
Input Filename : drivers/net/ethernet/intel/e1000e/mac.o
Input Filename : drivers/net/ethernet/intel/e1000e/manage.o
Input Filename : drivers/net/ethernet/intel/e1000e/nvm.o
Input Filename : drivers/net/ethernet/intel/e1000e/phy.o
Input Filename : drivers/net/ethernet/intel/e1000e/param.o
Input Filename : drivers/net/ethernet/intel/e1000e/ethtool.o
Input Filename : drivers/net/ethernet/intel/e1000e/netdev.o
Input Filename : drivers/net/ethernet/intel/e1000e/ptp.o
Input Filename : drivers/net/net_failover.o
Input Filename : drivers/firewire/init_ohci1394_dma.o
Input Filename : drivers/pcmcia/cs.o
Input Filename : drivers/pcmcia/socket_sysfs.o
Input Filename : drivers/pcmcia/cardbus.o
Input Filename : drivers/pcmcia/ds.o
Input Filename : drivers/pcmcia/pcmcia_resource.o
Input Filename : drivers/pcmcia/cistpl.o
Input Filename : drivers/pcmcia/pcmcia_cis.o
Input Filename : drivers/pcmcia/rsrc_mgr.o
Input Filename : drivers/usb/host/pci-quirks.o
Input Filename : drivers/usb/early/ehci-dbgp.o
Input Filename : drivers/input/serio/serio.o
Input Filename : drivers/input/serio/i8042.o
Input Filename : drivers/input/serio/serport.o
Input Filename : drivers/input/serio/libps2.o
Input Filename : drivers/input/input.o
Input Filename : drivers/input/input-compat.o
Input Filename : drivers/input/input-mt.o
Input Filename : drivers/input/input-poller.o
Input Filename : drivers/input/ff-core.o
Input Filename : drivers/input/touchscreen.o
Input Filename : drivers/input/ff-memless.o
Input Filename : drivers/input/sparse-keymap.o
Input Filename : drivers/input/vivaldi-fmap.o
Input Filename : drivers/input/input-leds.o
Input Filename : drivers/input/evdev.o
Input Filename : drivers/input/keyboard/atkbd.o
Input Filename : drivers/input/mouse/psmouse-base.o
Input Filename : drivers/input/mouse/synaptics.o
Input Filename : drivers/input/mouse/focaltech.o
Input Filename : drivers/input/mouse/alps.o
Input Filename : drivers/input/mouse/byd.o
Input Filename : drivers/input/mouse/logips2pp.o
Input Filename : drivers/input/mouse/lifebook.o
Input Filename : drivers/input/mouse/trackpoint.o
Input Filename : drivers/input/mouse/cypress_ps2.o
Input Filename : drivers/input/mouse/psmouse-smbus.o
Input Filename : drivers/rtc/lib.o
Input Filename : drivers/rtc/class.o
Input Filename : drivers/rtc/interface.o
Input Filename : drivers/rtc/nvmem.o
Input Filename : drivers/rtc/dev.o
Input Filename : drivers/rtc/proc.o
Input Filename : drivers/rtc/sysfs.o
Input Filename : drivers/rtc/rtc-mc146818-lib.o
Input Filename : drivers/rtc/rtc-cmos.o
Input Filename : drivers/i2c/i2c-boardinfo.o
Input Filename : drivers/i2c/i2c-core-base.o
Input Filename : drivers/i2c/i2c-core-smbus.o
Input Filename : drivers/i2c/i2c-core-acpi.o
Input Filename : drivers/i2c/i2c-smbus.o
Input Filename : drivers/i2c/algos/i2c-algo-bit.o
Input Filename : drivers/i2c/busses/i2c-i801.o
Input Filename : drivers/pps/pps.o
Input Filename : drivers/pps/kapi.o
Input Filename : drivers/pps/sysfs.o
Input Filename : drivers/ptp/ptp_clock.o
Input Filename : drivers/ptp/ptp_chardev.o
Input Filename : drivers/ptp/ptp_sysfs.o
Input Filename : drivers/ptp/ptp_vclock.o
Input Filename : drivers/ptp/ptp_kvm_x86.o
Input Filename : drivers/ptp/ptp_kvm_common.o
Input Filename : drivers/power/supply/power_supply_core.o
Input Filename : drivers/power/supply/power_supply_sysfs.o
Input Filename : drivers/power/supply/power_supply_leds.o
Input Filename : drivers/power/supply/power_supply_hwmon.o
Input Filename : drivers/hwmon/hwmon.o
Input Filename : drivers/thermal/thermal_core.o
Input Filename : drivers/thermal/thermal_sysfs.o
Input Filename : drivers/thermal/thermal_trip.o
Input Filename : drivers/thermal/thermal_helpers.o
Input Filename : drivers/thermal/thermal_hwmon.o
Input Filename : drivers/thermal/gov_step_wise.o
Input Filename : drivers/thermal/gov_user_space.o
Input Filename : drivers/thermal/intel/therm_throt.o
Input Filename : drivers/watchdog/watchdog_core.o
Input Filename : drivers/watchdog/watchdog_dev.o
Input Filename : drivers/watchdog/i6300esb.o
Input Filename : drivers/md/md.o
Input Filename : drivers/md/md-bitmap.o
Input Filename : drivers/md/md-autodetect.o
Input Filename : drivers/md/dm.o
Input Filename : drivers/md/dm-table.o
Input Filename : drivers/md/dm-target.o
Input Filename : drivers/md/dm-linear.o
Input Filename : drivers/md/dm-stripe.o
Input Filename : drivers/md/dm-ioctl.o
Input Filename : drivers/md/dm-io.o
Input Filename : drivers/md/dm-kcopyd.o
Input Filename : drivers/md/dm-sysfs.o
Input Filename : drivers/md/dm-stats.o
Input Filename : drivers/md/dm-rq.o
Input Filename : drivers/md/dm-io-rewind.o
Input Filename : drivers/md/dm-builtin.o
Input Filename : drivers/md/dm-raid1.o
Input Filename : drivers/md/dm-log.o
Input Filename : drivers/md/dm-region-hash.o
Input Filename : drivers/md/dm-zero.o
Input Filename : drivers/cpuidle/cpuidle.o
Input Filename : drivers/cpuidle/driver.o
Input Filename : drivers/cpuidle/governor.o
Input Filename : drivers/cpuidle/sysfs.o
Input Filename : drivers/cpuidle/governors/menu.o
Input Filename : drivers/cpuidle/governors/haltpoll.o
Input Filename : drivers/cpuidle/poll_state.o
Input Filename : drivers/cpuidle/cpuidle-haltpoll.o
Input Filename : drivers/leds/led-core.o
Input Filename : drivers/leds/led-class.o
Input Filename : drivers/leds/led-triggers.o
Input Filename : drivers/leds/trigger/ledtrig-audio.o
Input Filename : drivers/firmware/dmi_scan.o
Input Filename : drivers/firmware/dmi-id.o
Input Filename : drivers/firmware/memmap.o
Input Filename : drivers/firmware/sysfb.o
Input Filename : drivers/firmware/efi/efi-bgrt.o
Input Filename : drivers/firmware/efi/efi.o
Input Filename : drivers/firmware/efi/vars.o
Input Filename : drivers/firmware/efi/reboot.o
Input Filename : drivers/firmware/efi/memattr.o
Input Filename : drivers/firmware/efi/tpm.o
Input Filename : drivers/firmware/efi/memmap.o
Input Filename : drivers/firmware/efi/esrt.o
Input Filename : drivers/firmware/efi/runtime-wrappers.o
Input Filename : drivers/firmware/efi/sysfb_efi.o
Input Filename : drivers/firmware/efi/earlycon.o
Input Filename : drivers/clocksource/acpi_pm.o
Input Filename : drivers/clocksource/i8253.o
Input Filename : drivers/platform/x86/wmi.o
Input Filename : drivers/platform/x86/wmi-bmof.o
Input Filename : drivers/platform/x86/eeepc-laptop.o
Input Filename : drivers/platform/x86/p2sb.o
Input Filename : drivers/mailbox/mailbox.o
Input Filename : drivers/mailbox/pcc.o
Input Filename : drivers/nvmem/core.o
Input Filename : sound/sound_core.o
Input Filename : sound/core/sound.o
Input Filename : sound/core/init.o
Input Filename : sound/core/memory.o
Input Filename : sound/core/control.o
Input Filename : sound/core/misc.o
Input Filename : sound/core/device.o
Input Filename : sound/core/info.o
Input Filename : sound/core/isadma.o
Input Filename : sound/core/vmaster.o
Input Filename : sound/core/ctljack.o
Input Filename : sound/core/jack.o
Input Filename : sound/core/control_led.o
Input Filename : sound/core/hwdep.o
Input Filename : sound/core/timer.o
Input Filename : sound/core/hrtimer.o
Input Filename : sound/core/pcm.o
Input Filename : sound/core/pcm_native.o
Input Filename : sound/core/pcm_lib.o
Input Filename : sound/core/pcm_misc.o
Input Filename : sound/core/pcm_memory.o
Input Filename : sound/core/memalloc.o
Input Filename : sound/core/pcm_timer.o
Input Filename : sound/core/seq_device.o
Input Filename : sound/core/seq/seq.o
Input Filename : sound/core/seq/seq_lock.o
Input Filename : sound/core/seq/seq_clientmgr.o
Input Filename : sound/core/seq/seq_memory.o
Input Filename : sound/core/seq/seq_queue.o
Input Filename : sound/core/seq/seq_fifo.o
Input Filename : sound/core/seq/seq_prioq.o
Input Filename : sound/core/seq/seq_timer.o
Input Filename : sound/core/seq/seq_system.o
Input Filename : sound/core/seq/seq_ports.o
Input Filename : sound/core/seq/seq_info.o
Input Filename : sound/core/seq/seq_dummy.o
Input Filename : sound/pci/intel8x0.o
Input Filename : sound/pci/ac97/ac97_codec.o
Input Filename : sound/pci/ac97/ac97_pcm.o
Input Filename : sound/pci/ac97/ac97_proc.o
Input Filename : sound/pci/hda/hda_bind.o
Input Filename : sound/pci/hda/hda_codec.o
Input Filename : sound/pci/hda/hda_jack.o
Input Filename : sound/pci/hda/hda_auto_parser.o
Input Filename : sound/pci/hda/hda_sysfs.o
Input Filename : sound/pci/hda/hda_controller.o
Input Filename : sound/pci/hda/hda_proc.o
Input Filename : sound/pci/hda/hda_hwdep.o
Input Filename : sound/pci/hda/hda_generic.o
Input Filename : sound/pci/hda/patch_realtek.o
Input Filename : sound/pci/hda/hda_intel.o
Input Filename : sound/hda/hda_bus_type.o
Input Filename : sound/hda/hdac_bus.o
Input Filename : sound/hda/hdac_device.o
Input Filename : sound/hda/hdac_sysfs.o
Input Filename : sound/hda/hdac_regmap.o
Input Filename : sound/hda/hdac_controller.o
Input Filename : sound/hda/hdac_stream.o
Input Filename : sound/hda/array.o
Input Filename : sound/hda/hdmi_chmap.o
Input Filename : sound/hda/trace.o
Input Filename : sound/hda/hdac_component.o
Input Filename : sound/hda/hdac_i915.o
Input Filename : sound/hda/intel-dsp-config.o
Input Filename : sound/hda/intel-nhlt.o
Input Filename : sound/hda/intel-sdw-acpi.o
Input Filename : sound/ac97_bus.o
Input Filename : sound/last.o
Input Filename : net/devres.o
Input Filename : net/socket.o
Input Filename : net/core/sock.o
Input Filename : net/core/request_sock.o
Input Filename : net/core/skbuff.o
Input Filename : net/core/datagram.o
Input Filename : net/core/stream.o
Input Filename : net/core/scm.o
Input Filename : net/core/gen_stats.o
Input Filename : net/core/gen_estimator.o
Input Filename : net/core/net_namespace.o
Input Filename : net/core/secure_seq.o
Input Filename : net/core/flow_dissector.o
Input Filename : net/core/sysctl_net_core.o
Input Filename : net/core/dev.o
Input Filename : net/core/dev_addr_lists.o
Input Filename : net/core/dst.o
Input Filename : net/core/netevent.o
Input Filename : net/core/neighbour.o
Input Filename : net/core/rtnetlink.o
Input Filename : net/core/utils.o
Input Filename : net/core/link_watch.o
Input Filename : net/core/filter.o
Input Filename : net/core/sock_diag.o
Input Filename : net/core/dev_ioctl.o
Input Filename : net/core/tso.o
Input Filename : net/core/sock_reuseport.o
Input Filename : net/core/fib_notifier.o
Input Filename : net/core/xdp.o
Input Filename : net/core/flow_offload.o
Input Filename : net/core/gro.o
Input Filename : net/core/netdev-genl.o
Input Filename : net/core/netdev-genl-gen.o
Input Filename : net/core/gso.o
Input Filename : net/core/net-sysfs.o
Input Filename : net/core/page_pool.o
Input Filename : net/core/page_pool_user.o
Input Filename : net/core/net-procfs.o
Input Filename : net/core/netpoll.o
Input Filename : net/core/fib_rules.o
Input Filename : net/core/net-traces.o
Input Filename : net/core/selftests.o
Input Filename : net/core/ptp_classifier.o
Input Filename : net/core/netprio_cgroup.o
Input Filename : net/core/netclassid_cgroup.o
Input Filename : net/core/lwtunnel.o
Input Filename : net/core/lwt_bpf.o
Input Filename : net/core/dst_cache.o
Input Filename : net/core/gro_cells.o
Input Filename : net/core/failover.o
Input Filename : net/core/skmsg.o
Input Filename : net/core/sock_map.o
Input Filename : net/core/bpf_sk_storage.o
Input Filename : net/compat.o
Input Filename : net/ethernet/eth.o
Input Filename : net/sched/sch_generic.o
Input Filename : net/sched/sch_mq.o
Input Filename : net/sched/sch_frag.o
Input Filename : net/sched/sch_api.o
Input Filename : net/sched/sch_blackhole.o
Input Filename : net/sched/cls_api.o
Input Filename : net/sched/act_api.o
Input Filename : net/sched/sch_fifo.o
Input Filename : net/sched/cls_cgroup.o
Input Filename : net/sched/ematch.o
Input Filename : net/netlink/af_netlink.o
Input Filename : net/netlink/genetlink.o
Input Filename : net/netlink/policy.o
Input Filename : net/netlink/diag.o
Input Filename : net/bpf/test_run.o
Input Filename : net/bpf/bpf_dummy_struct_ops.o
Input Filename : net/ethtool/ioctl.o
Input Filename : net/ethtool/common.o
Input Filename : net/ethtool/netlink.o
Input Filename : net/ethtool/bitset.o
Input Filename : net/ethtool/strset.o
Input Filename : net/ethtool/linkinfo.o
Input Filename : net/ethtool/linkmodes.o
Input Filename : net/ethtool/rss.o
Input Filename : net/ethtool/linkstate.o
Input Filename : net/ethtool/debug.o
Input Filename : net/ethtool/wol.o
Input Filename : net/ethtool/features.o
Input Filename : net/ethtool/privflags.o
Input Filename : net/ethtool/rings.o
Input Filename : net/ethtool/channels.o
Input Filename : net/ethtool/coalesce.o
Input Filename : net/ethtool/pause.o
Input Filename : net/ethtool/eee.o
Input Filename : net/ethtool/tsinfo.o
Input Filename : net/ethtool/cabletest.o
Input Filename : net/ethtool/tunnels.o
Input Filename : net/ethtool/fec.o
Input Filename : net/ethtool/eeprom.o
Input Filename : net/ethtool/stats.o
Input Filename : net/ethtool/phc_vclocks.o
Input Filename : net/ethtool/mm.o
Input Filename : net/ethtool/module.o
Input Filename : net/ethtool/pse-pd.o
Input Filename : net/ethtool/plca.o
Input Filename : net/ipv4/route.o
Input Filename : net/ipv4/inetpeer.o
Input Filename : net/ipv4/protocol.o
Input Filename : net/ipv4/ip_input.o
Input Filename : net/ipv4/ip_fragment.o
Input Filename : net/ipv4/ip_forward.o
Input Filename : net/ipv4/ip_options.o
Input Filename : net/ipv4/ip_output.o
Input Filename : net/ipv4/ip_sockglue.o
Input Filename : net/ipv4/inet_hashtables.o
Input Filename : net/ipv4/inet_timewait_sock.o
Input Filename : net/ipv4/inet_connection_sock.o
Input Filename : net/ipv4/tcp.o
Input Filename : net/ipv4/tcp_input.o
Input Filename : net/ipv4/tcp_output.o
Input Filename : net/ipv4/tcp_timer.o
Input Filename : net/ipv4/tcp_ipv4.o
Input Filename : net/ipv4/tcp_minisocks.o
Input Filename : net/ipv4/tcp_cong.o
Input Filename : net/ipv4/tcp_metrics.o
Input Filename : net/ipv4/tcp_fastopen.o
Input Filename : net/ipv4/tcp_rate.o
Input Filename : net/ipv4/tcp_recovery.o
Input Filename : net/ipv4/tcp_ulp.o
Input Filename : net/ipv4/tcp_offload.o
Input Filename : net/ipv4/tcp_plb.o
Input Filename : net/ipv4/datagram.o
Input Filename : net/ipv4/raw.o
Input Filename : net/ipv4/udp.o
Input Filename : net/ipv4/udplite.o
Input Filename : net/ipv4/udp_offload.o
Input Filename : net/ipv4/arp.o
Input Filename : net/ipv4/icmp.o
Input Filename : net/ipv4/devinet.o
Input Filename : net/ipv4/af_inet.o
Input Filename : net/ipv4/igmp.o
Input Filename : net/ipv4/fib_frontend.o
Input Filename : net/ipv4/fib_semantics.o
Input Filename : net/ipv4/fib_trie.o
Input Filename : net/ipv4/fib_notifier.o
Input Filename : net/ipv4/inet_fragment.o
Input Filename : net/ipv4/ping.o
Input Filename : net/ipv4/ip_tunnel_core.o
Input Filename : net/ipv4/gre_offload.o
Input Filename : net/ipv4/metrics.o
Input Filename : net/ipv4/netlink.o
Input Filename : net/ipv4/nexthop.o
Input Filename : net/ipv4/udp_tunnel_stub.o
Input Filename : net/ipv4/sysctl_net_ipv4.o
Input Filename : net/ipv4/proc.o
Input Filename : net/ipv4/fib_rules.o
Input Filename : net/ipv4/ipmr.o
Input Filename : net/ipv4/ipmr_base.o
Input Filename : net/ipv4/gre_demux.o
Input Filename : net/ipv4/syncookies.o
Input Filename : net/ipv4/ipconfig.o
Input Filename : net/ipv4/inet_diag.o
Input Filename : net/ipv4/tcp_diag.o
Input Filename : net/ipv4/tcp_bbr.o
Input Filename : net/ipv4/tcp_bic.o
Input Filename : net/ipv4/tcp_cdg.o
Input Filename : net/ipv4/tcp_cubic.o
Input Filename : net/ipv4/tcp_dctcp.o
Input Filename : net/ipv4/tcp_westwood.o
Input Filename : net/ipv4/tcp_highspeed.o
Input Filename : net/ipv4/tcp_hybla.o
Input Filename : net/ipv4/tcp_htcp.o
Input Filename : net/ipv4/tcp_vegas.o
Input Filename : net/ipv4/tcp_nv.o
Input Filename : net/ipv4/tcp_veno.o
Input Filename : net/ipv4/tcp_scalable.o
Input Filename : net/ipv4/tcp_lp.o
Input Filename : net/ipv4/tcp_yeah.o
Input Filename : net/ipv4/tcp_illinois.o
Input Filename : net/ipv4/tcp_sigpool.o
Input Filename : net/ipv4/tcp_bpf.o
Input Filename : net/ipv4/udp_bpf.o
Input Filename : net/ipv4/xfrm4_policy.o
Input Filename : net/ipv4/xfrm4_state.o
Input Filename : net/ipv4/xfrm4_input.o
Input Filename : net/ipv4/xfrm4_output.o
Input Filename : net/ipv4/xfrm4_protocol.o
Input Filename : net/ipv4/bpf_tcp_ca.o
Input Filename : net/xfrm/xfrm_policy.o
Input Filename : net/xfrm/xfrm_state.o
Input Filename : net/xfrm/xfrm_hash.o
Input Filename : net/xfrm/xfrm_input.o
Input Filename : net/xfrm/xfrm_output.o
Input Filename : net/xfrm/xfrm_sysctl.o
Input Filename : net/xfrm/xfrm_replay.o
Input Filename : net/xfrm/xfrm_device.o
Input Filename : net/xfrm/espintcp.o
Input Filename : net/unix/af_unix.o
Input Filename : net/unix/garbage.o
Input Filename : net/unix/sysctl_net_unix.o
Input Filename : net/unix/unix_bpf.o
Input Filename : net/unix/diag.o
Input Filename : net/unix/scm.o
Input Filename : net/ipv6/addrconf_core.o
Input Filename : net/ipv6/exthdrs_core.o
Input Filename : net/ipv6/ip6_checksum.o
Input Filename : net/ipv6/ip6_icmp.o
Input Filename : net/ipv6/output_core.o
Input Filename : net/ipv6/protocol.o
Input Filename : net/ipv6/ip6_offload.o
Input Filename : net/ipv6/tcpv6_offload.o
Input Filename : net/ipv6/exthdrs_offload.o
Input Filename : net/ipv6/inet6_hashtables.o
Input Filename : net/ipv6/mcast_snoop.o
Input Filename : net/packet/af_packet.o
Input Filename : net/packet/diag.o
Input Filename : net/devlink/core.o
Input Filename : net/devlink/netlink.o
Input Filename : net/devlink/netlink_gen.o
Input Filename : net/devlink/dev.o
Input Filename : net/devlink/port.o
Input Filename : net/devlink/sb.o
Input Filename : net/devlink/dpipe.o
Input Filename : net/devlink/resource.o
Input Filename : net/devlink/param.o
Input Filename : net/devlink/region.o
Input Filename : net/devlink/health.o
Input Filename : net/devlink/trap.o
Input Filename : net/devlink/rate.o
Input Filename : net/devlink/linecard.o
Input Filename : net/dsa/stubs.o
Input Filename : net/strparser/strparser.o
Input Filename : net/rfkill/core.o
Input Filename : net/rfkill/input.o
Input Filename : net/9p/mod.o
Input Filename : net/9p/client.o
Input Filename : net/9p/error.o
Input Filename : net/9p/protocol.o
Input Filename : net/9p/trans_common.o
Input Filename : net/9p/trans_fd.o
Input Filename : net/9p/trans_virtio.o
Input Filename : net/sysctl_net.o
Input Filename : net/dns_resolver/dns_key.o
Input Filename : net/dns_resolver/dns_query.o
Input Filename : net/switchdev/switchdev.o
Input Filename : net/l3mdev/l3mdev.o
Input Filename : net/qrtr/af_qrtr.o
Input Filename : net/qrtr/ns.o
Input Filename : net/qrtr/tun.o
Input Filename : net/mptcp/protocol.o
Input Filename : net/mptcp/subflow.o
Input Filename : net/mptcp/options.o
Input Filename : net/mptcp/token.o
Input Filename : net/mptcp/crypto.o
Input Filename : net/mptcp/ctrl.o
Input Filename : net/mptcp/pm.o
Input Filename : net/mptcp/diag.o
Input Filename : net/mptcp/mib.o
Input Filename : net/mptcp/pm_netlink.o
Input Filename : net/mptcp/sockopt.o
Input Filename : net/mptcp/pm_userspace.o
Input Filename : net/mptcp/fastopen.o
Input Filename : net/mptcp/sched.o
Input Filename : net/mptcp/mptcp_pm_gen.o
Input Filename : net/mptcp/syncookies.o
Input Filename : net/mptcp/mptcp_diag.o
Input Filename : net/mptcp/bpf.o
Input Filename : net/handshake/alert.o
Input Filename : net/handshake/genl.o
Input Filename : net/handshake/netlink.o
Input Filename : net/handshake/request.o
Input Filename : net/handshake/tlshd.o
Input Filename : net/handshake/trace.o
Input Filename : virt/lib/irqbypass.o
Input Filename : arch/x86/pci/i386.o
Input Filename : arch/x86/pci/init.o
Input Filename : arch/x86/pci/mmconfig_64.o
Input Filename : arch/x86/pci/direct.o
Input Filename : arch/x86/pci/mmconfig-shared.o
Input Filename : arch/x86/pci/fixup.o
Input Filename : arch/x86/pci/acpi.o
Input Filename : arch/x86/pci/legacy.o
Input Filename : arch/x86/pci/irq.o
Input Filename : arch/x86/pci/common.o
Input Filename : arch/x86/pci/early.o
Input Filename : arch/x86/pci/bus_numa.o
Input Filename : arch/x86/pci/amd_bus.o
Input Filename : arch/x86/power/cpu.o
/home/csong/project/kanalyzer/release/lib/KAMain: error loading file 'arch/x86/power/cpu.o'
Input Filename : arch/x86/power/hibernate_64.o
Input Filename : arch/x86/power/hibernate_asm_64.o
/home/csong/project/kanalyzer/release/lib/KAMain: error loading file 'arch/x86/power/hibernate_asm_64.o'
Input Filename : arch/x86/power/hibernate.o
Input Filename : arch/x86/video/fbdev.o
Input Filename : lib/argv_split.o
Input Filename : lib/bug.o
Input Filename : lib/buildid.o
Input Filename : lib/cmdline.o
Input Filename : lib/cpumask.o
Input Filename : lib/ctype.o
Input Filename : lib/dec_and_lock.o
Input Filename : lib/decompress.o
Input Filename : lib/decompress_bunzip2.o
Input Filename : lib/decompress_inflate.o
Input Filename : lib/decompress_unlz4.o
Input Filename : lib/decompress_unlzma.o
Input Filename : lib/decompress_unlzo.o
Input Filename : lib/decompress_unxz.o
Input Filename : lib/decompress_unzstd.o
Input Filename : lib/dump_stack.o
Input Filename : lib/earlycpio.o
Input Filename : lib/extable.o
Input Filename : lib/flex_proportions.o
Input Filename : lib/idr.o
Input Filename : lib/irq_regs.o
Input Filename : lib/is_single_threaded.o
Input Filename : lib/klist.o
Input Filename : lib/kobject.o
Input Filename : lib/kobject_uevent.o
Input Filename : lib/logic_pio.o
Input Filename : lib/maple_tree.o
Input Filename : lib/memcat_p.o
Input Filename : lib/nmi_backtrace.o
Input Filename : lib/objpool.o
Input Filename : lib/plist.o
Input Filename : lib/radix-tree.o
Input Filename : lib/ratelimit.o
Input Filename : lib/rbtree.o
Input Filename : lib/seq_buf.o
Input Filename : lib/siphash.o
Input Filename : lib/string.o
Input Filename : lib/timerqueue.o
Input Filename : lib/vsprintf.o
Input Filename : lib/win_minmax.o
Input Filename : lib/xarray.o
Input Filename : arch/x86/lib/clear_page_64.o
/home/csong/project/kanalyzer/release/lib/KAMain: error loading file 'arch/x86/lib/clear_page_64.o'
Input Filename : arch/x86/lib/cmdline.o
Input Filename : arch/x86/lib/cmpxchg16b_emu.o
/home/csong/project/kanalyzer/release/lib/KAMain: error loading file 'arch/x86/lib/cmpxchg16b_emu.o'
Input Filename : arch/x86/lib/copy_mc.o
Input Filename : arch/x86/lib/copy_mc_64.o
/home/csong/project/kanalyzer/release/lib/KAMain: error loading file 'arch/x86/lib/copy_mc_64.o'
Input Filename : arch/x86/lib/copy_page_64.o
/home/csong/project/kanalyzer/release/lib/KAMain: error loading file 'arch/x86/lib/copy_page_64.o'
Input Filename : arch/x86/lib/copy_user_64.o
/home/csong/project/kanalyzer/release/lib/KAMain: error loading file 'arch/x86/lib/copy_user_64.o'
Input Filename : arch/x86/lib/copy_user_uncached_64.o
/home/csong/project/kanalyzer/release/lib/KAMain: error loading file 'arch/x86/lib/copy_user_uncached_64.o'
Input Filename : arch/x86/lib/cpu.o
Input Filename : arch/x86/lib/csum-copy_64.o
/home/csong/project/kanalyzer/release/lib/KAMain: error loading file 'arch/x86/lib/csum-copy_64.o'
Input Filename : arch/x86/lib/csum-partial_64.o
Input Filename : arch/x86/lib/csum-wrappers_64.o
Input Filename : arch/x86/lib/delay.o
Input Filename : arch/x86/lib/getuser.o
/home/csong/project/kanalyzer/release/lib/KAMain: error loading file 'arch/x86/lib/getuser.o'
Input Filename : arch/x86/lib/inat.o
Input Filename : arch/x86/lib/insn-eval.o
Input Filename : arch/x86/lib/insn.o
Input Filename : arch/x86/lib/memcpy_64.o
/home/csong/project/kanalyzer/release/lib/KAMain: error loading file 'arch/x86/lib/memcpy_64.o'
Input Filename : arch/x86/lib/memmove_64.o
/home/csong/project/kanalyzer/release/lib/KAMain: error loading file 'arch/x86/lib/memmove_64.o'
Input Filename : arch/x86/lib/memset_64.o
/home/csong/project/kanalyzer/release/lib/KAMain: error loading file 'arch/x86/lib/memset_64.o'
Input Filename : arch/x86/lib/misc.o
Input Filename : arch/x86/lib/pc-conf-reg.o
Input Filename : arch/x86/lib/putuser.o
/home/csong/project/kanalyzer/release/lib/KAMain: error loading file 'arch/x86/lib/putuser.o'
Input Filename : arch/x86/lib/retpoline.o
/home/csong/project/kanalyzer/release/lib/KAMain: error loading file 'arch/x86/lib/retpoline.o'
Input Filename : arch/x86/lib/usercopy.o
Input Filename : arch/x86/lib/usercopy_64.o
CENSUS ================ opcode dispositions ================
CENSUS op call 2066297 ptr-relevant 2066297 HANDLED : visitCallBase
CENSUS op br 566722 ptr-relevant 0 NOOP : control flow only
CENSUS op load 469488 ptr-relevant 469488 HANDLED : visitLoadInst (d-edges)
CENSUS op getelementptr 461736 ptr-relevant 461736 HANDLED : visitGetElementPtrInst (f)
CENSUS op icmp 363756 ptr-relevant 95871 NOOP : produces i1, ptr operands not forwarded
CENSUS op store 181194 ptr-relevant 181194 HANDLED : visitStoreInst (d-edges)
CENSUS op phi 142563 ptr-relevant 43154 HANDLED : visitPHINode (a per incoming)
CENSUS op and 100988 ptr-relevant 0 HANDLED : visitBinaryOperator
CENSUS op add 69973 ptr-relevant 0 HANDLED : visitBinaryOperator
CENSUS op zext 61149 ptr-relevant 0 SUSPECT : int provenance chains (ptrtoint laundering)
CENSUS op ret 57596 ptr-relevant 4449 HANDLED : visitReturnInst
CENSUS op select 33835 ptr-relevant 7236 HANDLED : visitSelectInst (a per arm)
CENSUS op or 29329 ptr-relevant 0 HANDLED : visitBinaryOperator
CENSUS op trunc 26359 ptr-relevant 0 SUSPECT : int provenance chains (ptrtoint laundering)
CENSUS op alloca 21719 ptr-relevant 21719 HANDLED : visitAllocaInst (origin)
CENSUS op shl 20295 ptr-relevant 0 HANDLED : visitBinaryOperator
CENSUS op sub 19361 ptr-relevant 0 HANDLED : visitBinaryOperator
CENSUS op lshr 16623 ptr-relevant 0 HANDLED : visitBinaryOperator
CENSUS op ptrtoint 15741 ptr-relevant 15741 HANDLED : visitPtrToIntInst
CENSUS op sext 15411 ptr-relevant 0 SUSPECT : int provenance chains (ptrtoint laundering)
CENSUS op inttoptr 14798 ptr-relevant 14798 HANDLED : visitIntToPtrInst
CENSUS op switch 8844 ptr-relevant 0 NOOP : control flow only
CENSUS op xor 8043 ptr-relevant 0 HANDLED : visitBinaryOperator
CENSUS op callbr 6770 ptr-relevant 6770 HANDLED : visitCallBase
CENSUS op extractvalue 6371 ptr-relevant 2096 HANDLED : visitExtractValueInst
CENSUS op mul 5426 ptr-relevant 0 HANDLED : visitBinaryOperator
CENSUS op unreachable 5333 ptr-relevant 0 NOOP : control flow only
CENSUS op ashr 2342 ptr-relevant 0 HANDLED : visitBinaryOperator
CENSUS op udiv 2217 ptr-relevant 0 HANDLED : visitBinaryOperator
CENSUS op sdiv 1173 ptr-relevant 0 HANDLED : visitBinaryOperator
CENSUS op urem 623 ptr-relevant 0 HANDLED : visitBinaryOperator
CENSUS op srem 247 ptr-relevant 0 HANDLED : visitBinaryOperator
CENSUS op freeze 106 ptr-relevant 2 HANDLED : visitFreezeInst (copy)
CENSUS op insertvalue 81 ptr-relevant 31 HANDLED : visitInsertValueInst
CENSUS op extractelement 5 ptr-relevant 0 HANDLED : visitExtractElementInst
CENSUS op indirectbr 1 ptr-relevant 1 NOOP : blockaddress targets, control only
CENSUS ================ intrinsics ================
CENSUS intrin llvm.dbg.value 1552058 ptr-relevant 1552058 NOOP : debug info
CENSUS intrin llvm.lifetime.end.p0 21775 ptr-relevant 21775 NOOP : lifetime markers
CENSUS intrin llvm.lifetime.start.p0 21281 ptr-relevant 21281 NOOP : lifetime markers
CENSUS intrin llvm.dbg.label 17463 ptr-relevant 17463 NOOP : debug info
CENSUS intrin llvm.dbg.declare 13907 ptr-relevant 13907 NOOP : debug info
CENSUS intrin llvm.assume 10249 ptr-relevant 10249 NOOP : no data flow
CENSUS intrin llvm.memset.p0.i64 5290 ptr-relevant 5290 HANDLED : visitMemSetInst
CENSUS intrin llvm.memcpy.p0.p0.i64 4023 ptr-relevant 4023 HANDLED : handleMemcpy / visitMemTransferInst
CENSUS intrin llvm.read_register.i64 3843 ptr-relevant 3843 NOOP : opaque
CENSUS intrin llvm.write_register.i64 3791 ptr-relevant 3791 NOOP : opaque
CENSUS intrin llvm.fshl.i32 1634 ptr-relevant 1634 NOOP : int
CENSUS intrin llvm.umin.i32 1326 ptr-relevant 1326 NOOP : int
CENSUS intrin llvm.returnaddress 1298 ptr-relevant 1298 NOOP : opaque code ptr
CENSUS intrin llvm.umin.i64 1264 ptr-relevant 1264 NOOP : int
CENSUS intrin llvm.smin.i32 772 ptr-relevant 772 NOOP : int
CENSUS intrin llvm.umax.i32 721 ptr-relevant 721 NOOP : int
CENSUS intrin llvm.fshl.i64 706 ptr-relevant 706 NOOP : int
CENSUS intrin llvm.frameaddress.p0 701 ptr-relevant 701 NOOP : opaque frame ptr
CENSUS intrin llvm.umax.i64 584 ptr-relevant 584 NOOP : int
CENSUS intrin llvm.smax.i32 567 ptr-relevant 567 NOOP : int
CENSUS intrin llvm.smax.i64 478 ptr-relevant 478 NOOP : int
CENSUS intrin llvm.memmove.p0.p0.i64 435 ptr-relevant 435 HANDLED : handleMemcpy / visitMemTransferInst
CENSUS intrin llvm.bswap.i16 424 ptr-relevant 424 NOOP : int
CENSUS intrin llvm.bswap.i32 384 ptr-relevant 384 NOOP : int
CENSUS intrin llvm.usub.sat.i64 214 ptr-relevant 214 NOOP : int ovf
CENSUS intrin llvm.smin.i64 182 ptr-relevant 182 NOOP : int
CENSUS intrin llvm.va_end 159 ptr-relevant 159 NOOP : modeled via vararg node wiring
CENSUS intrin llvm.va_start 149 ptr-relevant 149 NOOP : modeled via vararg node wiring
CENSUS intrin llvm.umax.i16 138 ptr-relevant 138 NOOP : int
CENSUS intrin llvm.bswap.i64 135 ptr-relevant 135 NOOP : int
CENSUS intrin llvm.abs.i64 106 ptr-relevant 106 NOOP : int
CENSUS intrin llvm.usub.sat.i32 93 ptr-relevant 93 NOOP : int ovf
CENSUS intrin llvm.abs.i32 74 ptr-relevant 74 NOOP : int
CENSUS intrin llvm.ctlz.i32 66 ptr-relevant 66 NOOP : int
CENSUS intrin llvm.ctpop.i64 64 ptr-relevant 64 NOOP : int
CENSUS intrin llvm.umul.with.overflow.i64 61 ptr-relevant 61 NOOP : int ovf
CENSUS intrin llvm.ctpop.i32 59 ptr-relevant 59 NOOP : int
CENSUS intrin llvm.umax.i8 55 ptr-relevant 55 NOOP : int
CENSUS intrin llvm.umin.i8 54 ptr-relevant 54 NOOP : int
CENSUS intrin llvm.umin.i16 51 ptr-relevant 51 NOOP : int
CENSUS intrin llvm.prefetch.p0 44 ptr-relevant 44 NOOP : hint
CENSUS intrin llvm.uadd.sat.i64 41 ptr-relevant 41 NOOP : int ovf
CENSUS intrin llvm.uadd.with.overflow.i64 21 ptr-relevant 21 NOOP : int ovf
CENSUS intrin llvm.umul.with.overflow.i32 18 ptr-relevant 18 NOOP : int ovf
CENSUS intrin llvm.ctpop.i8 17 ptr-relevant 17 NOOP : int
CENSUS intrin llvm.va_copy 10 ptr-relevant 10 SUSPECT : copies va_list state — review wiring
CENSUS intrin llvm.bitreverse.i3 9 ptr-relevant 9 NOOP : int
CENSUS intrin llvm.sadd.with.overflow.i64 6 ptr-relevant 6 NOOP : int ovf
CENSUS intrin llvm.experimental.noalias.scope.decl 6 ptr-relevant 6 SUSPECT : forwards ptr
CENSUS intrin llvm.fshl.i8 4 ptr-relevant 4 NOOP : int
CENSUS intrin llvm.cttz.i32 4 ptr-relevant 4 NOOP : int
CENSUS intrin llvm.usub.sat.i16 3 ptr-relevant 3 NOOP : int ovf
CENSUS intrin llvm.smul.with.overflow.i32 3 ptr-relevant 3 NOOP : int ovf
CENSUS intrin llvm.smax.i16 3 ptr-relevant 3 NOOP : int
CENSUS intrin llvm.uadd.with.overflow.i32 2 ptr-relevant 2 NOOP : int ovf
CENSUS intrin llvm.cttz.i64 2 ptr-relevant 2 NOOP : int
CENSUS intrin llvm.bitreverse.i2 2 ptr-relevant 2 NOOP : int
CENSUS intrin llvm.usub.sat.i8 1 ptr-relevant 1 NOOP : int ovf
CENSUS intrin llvm.uadd.sat.i8 1 ptr-relevant 1 NOOP : int ovf
CENSUS intrin llvm.sadd.with.overflow.i65 1 ptr-relevant 1 NOOP : int ovf
CENSUS intrin llvm.fshl.i16 1 ptr-relevant 1 NOOP : int
CENSUS intrin llvm.ctpop.i16 1 ptr-relevant 1 NOOP : int
CENSUS intrin llvm.ctlz.i64 1 ptr-relevant 1 NOOP : int
CENSUS intrin llvm.bitreverse.i9 1 ptr-relevant 1 NOOP : int
CENSUS intrin llvm.bitreverse.i7 1 ptr-relevant 1 NOOP : int
CENSUS intrin llvm.bitreverse.i4 1 ptr-relevant 1 NOOP : int
CENSUS intrin llvm.bitreverse.i18 1 ptr-relevant 1 NOOP : int
CENSUS intrin llvm.abs.i16 1 ptr-relevant 1 NOOP : int
CENSUS ================ constant expressions ================
CENSUS constexpr add 44
CENSUS constexpr sub 119
CENSUS constexpr shl 1
CENSUS constexpr xor 1
CENSUS constexpr getelementptr 11409
CENSUS constexpr trunc 18
CENSUS constexpr ptrtoint 928
CENSUS constexpr inttoptr 3654
CENSUS constexpr icmp 71
CENSUS ================ external callees (top 40) ============
CENSUS extern __SCT__might_resched 963
CENSUS extern __SCT__cond_resched 415
CENSUS extern __SCT__tp_func_i915_reg_rw 388
CENSUS extern __SCT__kvm_x86_cache_reg 141
CENSUS extern __SCT__apic_call_read 105
CENSUS extern __SCT__apic_call_write 96
CENSUS extern __SCT__tp_func_kvm_nested_vmenter_failed 91
CENSUS extern __SCT__tp_func_suspend_resume 42
CENSUS extern __SCT__kvm_x86_get_cs_db_l_bits 35
CENSUS extern __SCT__kvm_x86_get_rflags 29
CENSUS extern asm_load_gs_index 24
CENSUS extern __SCT__tp_func_9p_protocol_dump 23
CENSUS extern __SCT__apic_call_eoi 23
CENSUS extern __SCT__tp_func_contention_end 22
CENSUS extern __SCT__kvm_x86_get_cpl 22
CENSUS extern __SCT__tp_func_netfs_folio 21
CENSUS extern __SCT__tp_func_contention_begin 20
CENSUS extern __SCT__kvm_x86_skip_emulated_instruction 19
CENSUS extern __efi_call 16
CENSUS extern copy_page 15
CENSUS extern __SCT__tp_func_netfs_sreq 14
CENSUS extern __SCT__tp_func_xdp_exception 11
CENSUS extern __SCT__tp_func_netfs_rreq 11
CENSUS extern __SCT__kvm_x86_set_segment 11
CENSUS extern __SCT__kvm_x86_get_segment 11
CENSUS extern __SCT__tp_func_ma_write 9
CENSUS extern __SCT__tp_func_kvm_msr 9
CENSUS extern __SCT__tp_func_ipi_send_cpu 9
CENSUS extern __SCT__tp_func_ext4_fc_replay 9
CENSUS extern __SCT__kvm_x86_set_rflags 9
CENSUS extern bpf_get_btf_vmlinux 8
CENSUS extern __efi64_thunk 8
CENSUS extern __SCT__x86_pmu_update 8
CENSUS extern __SCT__tp_func_kmalloc 8
CENSUS extern __SCT__kvm_x86_get_exit_info 7
CENSUS extern __SCT__x86_pmu_set_period 6
CENSUS extern __SCT__tp_func_sk_data_ready 6
CENSUS extern __SCT__tp_func_netfs_read 6
CENSUS extern __SCT__tp_func_mei_reg_read 6
CENSUS extern __SCT__tp_func_mei_pci_cfg_read 6
CENSUS ================ inline asm ================
CENSUS asm-cat ptr-out sites 1244 distinct 27  [LEDGER: ptr-capable]
CENSUS asm-cat mem-ptr sites 498 distinct 8  [LEDGER: ptr-capable]
CENSUS asm-cat ptr-in-reg sites 4893 distinct 35  [LEDGER: ptr-capable]
CENSUS asm-cat mem-ptr-width sites 11169 distinct 101  [LEDGER: ptr-capable]
CENSUS asm-cat mem-narrow sites 25973 distinct 119
CENSUS asm-cat imm-ptr sites 23132 distinct 5
CENSUS asm-cat barrier sites 57955 distinct 4594
CENSUS asm-cat pure sites 4948 distinct 32
CENSUS asm exposure: 17804 of 129812 sites can move a pointer (categories ptr-out/mem-ptr/ptr-in-reg/mem-ptr-width)
CENSUS ================ summary ================
CENSUS summary funcs 57661 insts 4802515 asm-sites 129812 asm-distinct 4921 extern-decls 1136 agg/vec-ptr-load-store 0 vec-ptr-ops 0
CENSUS summary UNDISPOSITIONED kinds 0, SUSPECT ptr-relevant instances 16
CENSUS ledger artifact written: /home/csong/project/kanalyzer/docs/kernel-census/linux-6.8.2-ir-census.json
